,indicator_id,goal,target_id,target,indicator
0,1.1.1,1,1.1,"Bis 2030 die extreme Armut - gegenwaertig definiert als der Anteil der Menschen, die mit weniger als 1,25 Dollar pro Tag auskommen messen - fer alle Menschen eberall auf der Welt beseitigen","Anteil der Bevoelkerung, die unter der internationalen Armutsgrenze lebt, nach Geschlecht, Alter, Erwerbsstatus und geographischer Lage (urban/rural)"
1,1.2.1,1,1.2,"Bis 2030 den Anteil der Maenner, Frauen und Kinder jeden Alters, die in Armut in all ihren Dimensionen nach der jeweiligen nationalen Definition leben, mindestens um die Haelfte senken","Anteil der Bevoelkerung, die unter der nationalen Armutsgrenze lebt, nach Geschlecht und Alter"
2,1.2.2,1,1.2,"Bis 2030 den Anteil der Maenner, Frauen und Kinder jeden Alters, die in Armut in all ihren Dimensionen nach der jeweiligen nationalen Definition leben, mindestens um die Haelfte senken","Anteil der Maenner, Frauen und Kinder aller Altersstufen, die in Armut in all ihren Dimensionen gemaess den nationalen Definitionen leben"
3,1.3.1,1,1.3,"Den nationalen Gegebenheiten entsprechende Sozialschutzsysteme und -massnahmen fer alle umsetzen, einschliesslich eines Basisschutzes, und bis 2030 eine breite Versorgung der Armen und Schwachen erreichen","Anteil der Bevoelkerung, die von einem Sozialschutzsystem erfasst ist, nach Geschlecht, Kindern, Arbeitslosen, aelteren Personen, Personen mit Behinderungen, schwangeren Frauen, Neugeborenen, Opfern von Arbeitsunfaellen und den Armen und Schwachenÿ"
4,1.4.1,1,1.4,"Bis 2030 sicherstellen, dass alle Maenner und Frauen, insbesondere die Armen und Schwachen, die gleichen Rechte auf wirtschaftliche Ressourcen sowie Zugang zu grundlegenden Diensten, Grundeigentum und Verfegungsgewalt eber Grund und Boden und sonstigen Vermoegensformen, Erbschaften, naterlichen Ressourcen, geeigneten neuen Technologien und Finanzdienstleistungen einschliesslich Mikrofinanzierung haben","Anteil der Bevoelkerung, die in Haushalten mit Zugang zu Grundversorgungsleistungen lebt"
5,1.4.2,1,1.4,"Bis 2030 sicherstellen, dass alle Maenner und Frauen, insbesondere die Armen und Schwachen, die gleichen Rechte auf wirtschaftliche Ressourcen sowie Zugang zu grundlegenden Diensten, Grundeigentum und Verfegungsgewalt eber Grund und Boden und sonstigen Vermoegensformen, Erbschaften, naterlichen Ressourcen, geeigneten neuen Technologien und Finanzdienstleistungen einschliesslich Mikrofinanzierung haben","Anteil der erwachsenen Bevoelkerung insgesamt mit sicheren Rechten/ Verfegungsgewalt eber Grundeigentum, (a) mit gesetzlich anerkannten Dokumenten und (b) die ihre Landrechte als sicher ansehen, nach Geschlecht und des Eigentumsverhaeltnisses"
6,1.5.1,1,1.5,"Bis 2030 die Widerstandsfaehigkeit der Armen und der Menschen in prekaeren Situationen erhoehen und ihre Exposition und Anfaelligkeit gegeneber klimabedingten Extremereignissen und anderen wirtschaftlichen, sozialen und oekologischen Schocks und Katastrophen verringern","Anzahl der Todesfaelle, vermissten Personen und direkt von Katastrophen betroffenen Personen pro 100.000 Einwohner"
7,1.5.2,1,1.5,"Bis 2030 die Widerstandsfaehigkeit der Armen und der Menschen in prekaeren Situationen erhoehen und ihre Exposition und Anfaelligkeit gegeneber klimabedingten Extremereignissen und anderen wirtschaftlichen, sozialen und oekologischen Schocks und Katastrophen verringern",Unmittelbarer wirtschaftlicher Schaden durch Katastrophen im Verhaeltnis zum globalen Bruttoinlandsprodukt (BIP)
8,1.5.3,1,1.5,"Bis 2030 die Widerstandsfaehigkeit der Armen und der Menschen in prekaeren Situationen erhoehen und ihre Exposition und Anfaelligkeit gegeneber klimabedingten Extremereignissen und anderen wirtschaftlichen, sozialen und oekologischen Schocks und Katastrophen verringern","Anzahl der Staaten, die nationale Strategien zum Katastrophenschutz in Einklang mit dem Sendai-Rahmenwerk zur Katastrophenvorsorge 2015-2030 verabschiedet und implementiert haben"
9,1.5.4,1,1.5,"Bis 2030 die Widerstandsfaehigkeit der Armen und der Menschen in prekaeren Situationen erhoehen und ihre Exposition und Anfaelligkeit gegeneber klimabedingten Extremereignissen und anderen wirtschaftlichen, sozialen und oekologischen Schocks und Katastrophen verringern","Anteil der lokalen Regierungen, die lokale Strategien zum Katastrophenschutz in Einklang mit den nationalen Strategien zum Katastrophenschutz verabschiedet und implementiert haben"
10,1.a.1,1,1.a,"Eine erhebliche Mobilisierung von Ressourcen aus einer Vielzahl von Quellen gewaehrleisten, einschliesslich durch verbesserte Entwicklungszusammenarbeit, um den Entwicklungslaendern und insbesondere den am wenigsten entwickelten Laendern ausreichende und berechenbare Mittel fer die Umsetzung von Programmen und Politiken zur Beendigung der Armut in all ihren Dimensionen bereitzustellen","Anteil der inlaendisch erwirtschafteten Ressourcen, die vom Staat direkt fer Programme zur Armutsbekaempfung verwendet werden"
11,1.a.2,1,1.a,"Eine erhebliche Mobilisierung von Ressourcen aus einer Vielzahl von Quellen gewaehrleisten, einschliesslich durch verbesserte Entwicklungszusammenarbeit, um den Entwicklungslaendern und insbesondere den am wenigsten entwickelten Laendern ausreichende und berechenbare Mittel fer die Umsetzung von Programmen und Politiken zur Beendigung der Armut in all ihren Dimensionen bereitzustellen","Anteil der staatlichen Ausgaben fer Grundleistungen (Bildung, Gesundheit und soziale Sicherung)"
12,1.a.3,1,1.a,"Eine erhebliche Mobilisierung von Ressourcen aus einer Vielzahl von Quellen gewaehrleisten, einschliesslich durch verbesserte Entwicklungszusammenarbeit, um den Entwicklungslaendern und insbesondere den am wenigsten entwickelten Laendern ausreichende und berechenbare Mittel fer die Umsetzung von Programmen und Politiken zur Beendigung der Armut in all ihren Dimensionen bereitzustellen","Gesamtsumme an Beihilfen und sonstigen schuldenfreien Finanzmitteln, die direkt fer Programme zur Armutsbekaempfung verwendet werden, im Verhaeltnis zum BIPÿ"
13,1.b.1,1,1.b,"Auf nationaler, regionaler und internationaler Ebene solide politische Rahmen auf der Grundlage armutsorientierter und geschlechtersensibler Entwicklungsstrategien schaffen, um beschleunigte Investitionen in Massnahmen zur Beseitigung der Armut zu unterstetzen","Anteil der staatlichen Investitionsausgaben in Sektoren, die eberdurchschnittlich Frauen, arme und benachteiligte Gruppen begenstigen"
14,2.1.1,2,2.1,"Bis 2030 den Hunger beenden und sicherstellen, dass alle Menschen, insbesondere die Armen und Menschen in prekaeren Situationen, einschliesslich Kleinkindern, ganzjaehrig Zugang zu sicheren, naehrstoffreichen und ausreichenden Nahrungsmitteln haben",Praevalenz von Unterernaehrung
15,2.1.2,2,2.1,"Bis 2030 den Hunger beenden und sicherstellen, dass alle Menschen, insbesondere die Armen und Menschen in prekaeren Situationen, einschliesslich Kleinkindern, ganzjaehrig Zugang zu sicheren, naehrstoffreichen und ausreichenden Nahrungsmitteln haben","Praevalenz von mittlerer oder schwerer Ernaehrungsunsicherheit in der Bevoelkerung, basierend auf der FIES (Food Insecurity Experience Scale)"
16,2.2.1,2,2.2,"Bis 2030 alle Formen der Mangelernaehrung beenden, einschliesslich durch Erreichung der international vereinbarten Zielvorgaben in Bezug auf Wachstumshemmung und Auszehrung bei Kindern unter 5 Jahren bis 2025, und den Ernaehrungsbederfnissen von heranwachsenden Maedchen, schwangeren und stillenden Frauen und aelteren Menschen Rechnung tragen",Praevalenz von Kleinwuchs (Groesse fer das Alter < -2 Standardabweichung vom Median der Wachstumskurven bei Kindern der Weltgesundheitsorganisation (WHO)) bei Kindern unter 5 Jahren
17,2.2.2,2,2.2,"Bis 2030 alle Formen der Mangelernaehrung beenden, einschliesslich durch Erreichung der international vereinbarten Zielvorgaben in Bezug auf Wachstumshemmung und Auszehrung bei Kindern unter 5 Jahren bis 2025, und den Ernaehrungsbederfnissen von heranwachsenden Maedchen, schwangeren und stillenden Frauen und aelteren Menschen Rechnung tragen","Praevalenz von Fehlernaehrung (Gewicht fer die Groesse > +2 oder < -2 Standardabweichung vom Median der WHO-Wachstumskurven fer Kinder) bei Kindern unter 5 Jahren, nach der Art (Schwund und ebergewicht)"
18,2.3.1,2,2.3,"Bis 2030 die landwirtschaftliche Produktivitaet und die Einkommen von kleinen Nahrungsmittel-produzenten, insbesondere von Frauen, Angehoerigen indigener Voelker, landwirtschaftlichen Familienbetrieben, Weidetierhaltern und Fischern, verdoppeln, unter anderem durch den sicheren und gleichberechtigten Zugang zu Grund und Boden, anderen Produktionsressourcen und Betriebsmitteln, Wissen, Finanzdienstleistungen, Maerkten sowie Moeglichkeiten fer Wertschoepfung und ausserlandwirtschaftliche Beschaeftigung",Produktionsvolumen pro Arbeitskraft nach Unternehmensgroessenklassen in Land-/Weide-/Forstwirtschaft
19,2.3.2,2,2.3,"Bis 2030 die landwirtschaftliche Produktivitaet und die Einkommen von kleinen Nahrungsmittel-produzenten, insbesondere von Frauen, Angehoerigen indigener Voelker, landwirtschaftlichen Familienbetrieben, Weidetierhaltern und Fischern, verdoppeln, unter anderem durch den sicheren und gleichberechtigten Zugang zu Grund und Boden, anderen Produktionsressourcen und Betriebsmitteln, Wissen, Finanzdienstleistungen, Maerkten sowie Moeglichkeiten fer Wertschoepfung und ausserlandwirtschaftliche Beschaeftigung","Durchschnittliches Einkommen kleiner Nahrungsmittelproduzenten, nach Geschlecht und Herkunftsstatus"
20,2.4.1,2,2.4,"Bis 2030 die Nachhaltigkeit der Systeme der Nahrungsmittelproduktion sicherstellen und  resiliente landwirtschaftliche Methoden anwenden, die die Produktivitaet und den Ertrag steigern, zur Erhaltung der oekosysteme beitragen, die Anpassungsfaehigkeit an Klimaaenderungen, extreme Wetterereignisse, Derren, eberschwemmungen und andere Katastrophen erhoehen und die Flaechen- und Bodenqualitaet schrittweise verbessern",Anteil landwirtschaftlicher Flaechen unter produktiver und nachhaltiger Bewirtschaftung
21,2.5.1,2,2.5,"Bis 2020 die genetische Vielfalt von Saatgut, Kulturpflanzen sowie Nutz- und Haustieren und ihren wildlebenden Artverwandten bewahren, unter anderem durch gut verwaltete und diversifizierte Saatgut- und Pflanzenbanken auf nationaler, regionaler und internationaler Ebene, und den Zugang zu den Vorteilen aus der Nutzung der genetischen Ressourcen und des damit verbundenen traditionellen Wissens sowie die ausgewogene und gerechte Aufteilung dieser Vorteile foerdern, wie auf internationaler Ebene vereinbart","Anzahl der pflanzen- und tiergenetischen Ressourcen fer Ernaehrung und Landwirtschaft, die entweder mittel- oder langfristig konserviert werden"
22,2.5.2,2,2.5,"Bis 2020 die genetische Vielfalt von Saatgut, Kulturpflanzen sowie Nutz- und Haustieren und ihren wildlebenden Artverwandten bewahren, unter anderem durch gut verwaltete und diversifizierte Saatgut- und Pflanzenbanken auf nationaler, regionaler und internationaler Ebene, und den Zugang zu den Vorteilen aus der Nutzung der genetischen Ressourcen und des damit verbundenen traditionellen Wissens sowie die ausgewogene und gerechte Aufteilung dieser Vorteile foerdern, wie auf internationaler Ebene vereinbart","Anteil der einheimischen Arten, die klassifiziert sind als gefaehrdet, nicht gefaehrdet oder deren Gefaehrdungskategorie unbekannt ist"
23,2.a.1,2,2.a,"Die Investitionen in die laendliche Infrastruktur, die Agrarforschung und landwirtschaftliche Beratungsdienste, die Technologieentwicklung sowie Genbanken fer Pflanzen und Nutztiere erhoehen, unter anderem durch verstaerkte internationale Zusammenarbeit, um die landwirtschaftliche Produktionskapazitaet in den Entwicklungslaendern und insbesondere den am wenigsten entwickelten Laendern zu verbessern","Der ""Agriculture Orientation Index"" zu staatlichen Agrarausgaben"
24,2.a.2,2,2.a,"Die Investitionen in die laendliche Infrastruktur, die Agrarforschung und landwirtschaftliche Beratungsdienste, die Technologieentwicklung sowie Genbanken fer Pflanzen und Nutztiere erhoehen, unter anderem durch verstaerkte internationale Zusammenarbeit, um die landwirtschaftliche Produktionskapazitaet in den Entwicklungslaendern und insbesondere den am wenigsten entwickelten Laendern zu verbessern",oeffentliche Leistungen insgesamt (oeffentliche Entwicklungsausgaben plus sonstige oeffentliche Ausgaben) fer den Landwirtschaftssektor
25,2.b.1,2,2.b,"Handelsbeschraenkungen und -verzerrungen auf den globalen Agrarmaerkten korrigieren und verhindern, unter anderem durch die parallele Abschaffung aller Formen von Agrarexportsubventionen und aller Exportmassnahmen mit gleicher Wirkung im Einklang mit dem Mandat der Doha-Entwicklungsrunde",Ausfuhrsubventionen fer landwirtschaftliche Geter
26,2.c.1,2,2.c,"Massnahmen zur Gewaehrleistung des reibungslosen Funktionierens der Maerkte fer Nahrungsmittelrohstoffe und ihre Derivate ergreifen und den raschen Zugang zu Marktinformationen, unter anderem eber Nahrungsmittelreserven, erleichtern, um zur Begrenzung der extremen Schwankungen der Nahrungsmittelpreise beizutragen",Indikator zu Preisanomalien bei Lebensmitteln
27,3.1.1,3,3.1,Bis 2030 die weltweite Mettersterblichkeit auf unter 70 je 100.000 Lebendgeburten senken,Mettersterblichkeitsrate
28,3.1.2,3,3.1,Bis 2030 die weltweite Mettersterblichkeit auf unter 70 je 100.000 Lebendgeburten senken,Anteil der Geburten unter Aufsicht von qualifiziertem Gesundheitspersonal
29,3.2.1,3,3.2,"Bis 2030 den vermeidbaren Todesfaellen bei Neugeborenen und Kindern unter 5 Jahren ein Ende setzen, mit dem von allen Laendern zu verfolgenden Ziel, die Sterblichkeit bei Neugeborenen mindestens auf 12 je 1.000 Lebendgeburten und bei Kindern unter 5 Jahren mindestens auf 25 je 1.000 Lebendgeburten zu senken",Kindersterblichkeitsrate unter 5 Jahren
30,3.2.2,3,3.2,"Bis 2030 den vermeidbaren Todesfaellen bei Neugeborenen und Kindern unter 5 Jahren ein Ende setzen, mit dem von allen Laendern zu verfolgenden Ziel, die Sterblichkeit bei Neugeborenen mindestens auf 12 je 1.000 Lebendgeburten und bei Kindern unter 5 Jahren mindestens auf 25 je 1.000 Lebendgeburten zu senken",Neugeborenensterblichkeitsrate
31,3.3.1,3,3.3,"Bis 2030 die Aids-, Tuberkulose- und Malariaepidemien und die vernachlaessigten Tropenkrankheiten beseitigen und Hepatitis, durch Wasser ebertragene Krankheiten und andere ebertragbare Krankheiten bekaempfen","Anzahl der Neuinfektionen mit HIV pro 1.000 nichtinfizierter Einwohner, nach Geschlecht, Alter und Schlesselpopulationen"
32,3.3.2,3,3.3,"Bis 2030 die Aids-, Tuberkulose- und Malariaepidemien und die vernachlaessigten Tropenkrankheiten beseitigen und Hepatitis, durch Wasser ebertragene Krankheiten und andere ebertragbare Krankheiten bekaempfen",Tuberkulose-Inzidenz pro 100.000 Einwohner
33,3.3.3,3,3.3,"Bis 2030 die Aids-, Tuberkulose- und Malariaepidemien und die vernachlaessigten Tropenkrankheiten beseitigen und Hepatitis, durch Wasser ebertragene Krankheiten und andere ebertragbare Krankheiten bekaempfen",Malaria-Inzidenz pro 1.000 Einwohner
34,3.3.4,3,3.3,"Bis 2030 die Aids-, Tuberkulose- und Malariaepidemien und die vernachlaessigten Tropenkrankheiten beseitigen und Hepatitis, durch Wasser ebertragene Krankheiten und andere ebertragbare Krankheiten bekaempfen",Hepatitis-B-Inzidenz pro 100.000 Einwohner
35,3.3.5,3,3.3,"Bis 2030 die Aids-, Tuberkulose- und Malariaepidemien und die vernachlaessigten Tropenkrankheiten beseitigen und Hepatitis, durch Wasser ebertragene Krankheiten und andere ebertragbare Krankheiten bekaempfen",Anzahl der Personen mit Behandlungsbedarf bei vernachlaessigten Tropenkrankheiten
36,3.4.1,3,3.4,Bis 2030 die Frehsterblichkeit aufgrund von nichtebertragbaren Krankheiten durch Praevention und Behandlung um ein Drittel senken und die psychische Gesundheit und das Wohlergehen foerdern,"Sterblichkeitsrate aufgrund von Herz-Kreislauf-Erkrankungen, Krebs, Diabetes oder chronischen Atemwegserkrankungen"
37,3.4.2,3,3.4,Bis 2030 die Frehsterblichkeit aufgrund von nichtebertragbaren Krankheiten durch Praevention und Behandlung um ein Drittel senken und die psychische Gesundheit und das Wohlergehen foerdern,Selbstmordsterblichkeitsrate
38,3.5.1,3,3.5,"Die Praevention und Behandlung des Substanzmissbrauchs, namentlich des Suchtstoffmissbrauchs und des schaedlichen Gebrauchs von Alkohol, verstaerken","Abdeckung von Behandlungsmassnahmen (pharmakologische, psychosoziale und Rehabilitations- und Nachsorgeleistungen) bei Substanzmissbrauch"
39,3.5.2,3,3.5,"Die Praevention und Behandlung des Substanzmissbrauchs, namentlich des Suchtstoffmissbrauchs und des schaedlichen Gebrauchs von Alkohol, verstaerken","Schaedlicher Alkoholgebrauch, definiert gemaess den nationalen Gegebenheiten als Alkoholkonsum pro Kopf (15 Jahre und aelter) innerhalb eines Kalenderjahres in Litern puren Alkohols"
40,3.6.1,3,3.6,Bis 2020 die Zahl der Todesfaelle und Verletzungen infolge von Verkehrsunfaellen weltweit halbieren,Sterblichkeitsrate aufgrund von Strassenverkehrsunfaellen
41,3.7.1,3,3.7,"Bis 2030 den allgemeinen Zugang zu sexual- und reproduktionsmedizinischer Versorgung, einschliesslich Familienplanung, Information und Aufklaerung, und die Einbeziehung der reproduktiven Gesundheit in nationale Strategien und Programme gewaehrleisten","Anteil der Frauen im reproduktionsfaehigen Alter (15-49 Jahre), die bezogen auf die Familienplanung moderne Methoden nutzen"
42,3.7.2,3,3.7,"Bis 2030 den allgemeinen Zugang zu sexual- und reproduktionsmedizinischer Versorgung, einschliesslich Familienplanung, Information und Aufklaerung, und die Einbeziehung der reproduktiven Gesundheit in nationale Strategien und Programme gewaehrleisten",Geburtenrate von Jugendlichen (10-14 Jahre; 15-19 Jahre) pro 1.000 Frauen derselben Altersgruppe
43,3.8.1,3,3.8,"Die allgemeine Gesundheitsversorgung, einschliesslich der Absicherung gegen finanzielle Risiken, den Zugang zu hochwertigen grundlegenden Gesundheitsdiensten und den Zugang zu sicheren, wirksamen, hochwertigen und bezahlbaren unentbehrlichen Arzneimitteln und Impfstoffen fer alle erreichen","Abdeckung mit grundlegenden Gesundheitsleistungen (definiert als durchschnittliche Abdeckung von Grundversorgungsleistungen basierend auf Behandlungen, die reproduktive, Metter-, Neugeborenen- und Kindergesundheit, infektioese Krankheiten und nicht ebertragbare Krankheiten sowie Kapazitaeten und Zugang zu Leistungen einschliessen, innerhalb der allgemeinen und meist benachteiligten Bevoelkerung)"
44,3.8.2,3,3.8,"Die allgemeine Gesundheitsversorgung, einschliesslich der Absicherung gegen finanzielle Risiken, den Zugang zu hochwertigen grundlegenden Gesundheitsdiensten und den Zugang zu sicheren, wirksamen, hochwertigen und bezahlbaren unentbehrlichen Arzneimitteln und Impfstoffen fer alle erreichen",Anteil der Bevoelkerung mit hohen Haushaltsausgaben fer Gesundheit gegeneber den gesamten Haushaltsausgaben oder -einnahmen
45,3.9.1,3,3.9,"Bis 2030 die Zahl der Todesfaelle und Erkrankungen aufgrund gefaehrlicher Chemikalien und der Verschmutzung und Verunreinigung von Luft, Wasser und Boden erheblich verringern",Sterblichkeitsrate aufgrund von Luftverschmutzung im Haushalt und der Umgebung
46,3.9.2,3,3.9,"Bis 2030 die Zahl der Todesfaelle und Erkrankungen aufgrund gefaehrlicher Chemikalien und der Verschmutzung und Verunreinigung von Luft, Wasser und Boden erheblich verringern","Sterblichkeitsrate aufgrund von verunreinigtem Wasser, unzureichenden sanitaeren Verhaeltnissen und mangelnder Hygiene (Exposition gegeneber unsicheren Wasser-, Sanitaer- und Hygieneversorgungsleistungen gesamt)"
47,3.9.3,3,3.9,"Bis 2030 die Zahl der Todesfaelle und Erkrankungen aufgrund gefaehrlicher Chemikalien und der Verschmutzung und Verunreinigung von Luft, Wasser und Boden erheblich verringern",Sterblichkeitsrate aufgrund von unbeabsichtigten Vergiftungen
48,3.a.1,3,3.a,Die Durchfehrung des Rahmenebereinkommens der Weltgesundheitsorganisation zur Eindaemmung des Tabakgebrauchs in allen Laendern nach Bedarf staerken,Altersstandardisierte Praevalenz des aktuellen Tabakkonsums bei Personen im Alter von 15 Jahren und aelter
49,3.b.1,3,3.b,"Forschung und Entwicklung zu Impfstoffen und Medikamenten fer ebertragbare und nichtebertragbare Krankheiten, von denen hauptsaechlich Entwicklungslaender betroffen sind, unterstetzen, den Zugang zu bezahlbaren unentbehrlichen Arzneimitteln und Impfstoffen gewaehrleisten, im Einklang mit der Erklaerung von Doha eber das TRIPS-ebereinkommen und die oeffentliche Gesundheit, die das Recht der Entwicklungslaender bekraeftigt, die Bestimmungen in dem ebereinkommen eber handelsbezogene Aspekte der Rechte des geistigen Eigentums eber Flexibilitaeten zum Schutz der oeffentlichen Gesundheit voll auszuschoepfen, und insbesondere den Zugang zu Medikamenten fer alle zu gewaehrleisten",Anteil der Zielbevoelkerung mit einem Impfschutz entsprechend dem nationalen Programm
50,3.b.2,3,3.b,"Forschung und Entwicklung zu Impfstoffen und Medikamenten fer ebertragbare und nichtebertragbare Krankheiten, von denen hauptsaechlich Entwicklungslaender betroffen sind, unterstetzen, den Zugang zu bezahlbaren unentbehrlichen Arzneimitteln und Impfstoffen gewaehrleisten, im Einklang mit der Erklaerung von Doha eber das TRIPS-ebereinkommen und die oeffentliche Gesundheit, die das Recht der Entwicklungslaender bekraeftigt, die Bestimmungen in dem ebereinkommen eber handelsbezogene Aspekte der Rechte des geistigen Eigentums eber Flexibilitaeten zum Schutz der oeffentlichen Gesundheit voll auszuschoepfen, und insbesondere den Zugang zu Medikamenten fer alle zu gewaehrleisten",oeffentliche Nettoentwicklungsausgaben insgesamt fer medizinische Forschung und grundlegende Gesundheitsversorgung
51,3.b.3,3,3.b,"Forschung und Entwicklung zu Impfstoffen und Medikamenten fer ebertragbare und nichtebertragbare Krankheiten, von denen hauptsaechlich Entwicklungslaender betroffen sind, unterstetzen, den Zugang zu bezahlbaren unentbehrlichen Arzneimitteln und Impfstoffen gewaehrleisten, im Einklang mit der Erklaerung von Doha eber das TRIPS-ebereinkommen und die oeffentliche Gesundheit, die das Recht der Entwicklungslaender bekraeftigt, die Bestimmungen in dem ebereinkommen eber handelsbezogene Aspekte der Rechte des geistigen Eigentums eber Flexibilitaeten zum Schutz der oeffentlichen Gesundheit voll auszuschoepfen, und insbesondere den Zugang zu Medikamenten fer alle zu gewaehrleisten","Anteil der Gesundheitseinrichtungen mit allgemein notwendigen Medikamenten, die verfegbar und auf nachhaltiger Basis bezahlbar sind"
52,3.c.1,3,3.c,"Die Gesundheitsfinanzierung und die Rekrutierung, Aus- und Weiterbildung und Bindung von Gesundheitsfachkraeften in den Entwicklungslaendern und insbesondere in den am wenigsten entwickelten Laendern und den kleinen Inselentwicklungslaendern deutlich erhoehen",Dichte und Verteilung von medizinischem Fachpersonal
53,3.d.1,3,3.d,"Die Kapazitaeten aller Laender, insbesondere der Entwicklungslaender, in den Bereichen Frehwarnung, Risikominderung und Management nationaler und globaler Gesundheitsrisiken staerken",Kapazitaeten fer internationale Gesundheitsvorschriften (IGV) und Gesundheitsnotfallvorsorge
54,4.1.1,4,4.1,"Bis 2030 sicherstellen, dass alle Maedchen und Jungen gleichberechtigt eine kostenlose und hochwertige Grund- und Sekundarschulbildung abschliessen, die zu brauchbaren und effektiven Lernergebnissen fehrt","Anteil der Kinder und Jugendlichen, die (a) in Klasse 2/3; (b) am Ende der Grundschule; und (c) am Ende der Sekundarstufe I ein Mindestleistungsniveau in (i) Lesen und (ii) Mathematik erreicht haben, nach Geschlecht"
55,4.2.1,4,4.2,"Bis 2030 sicherstellen, dass alle Maedchen und Jungen Zugang zu hochwertiger frehkindlicher Erziehung, Betreuung und Vorschulbildung erhalten, damit sie auf die Grundschule vorbereitet sind","Anteil der Kinder unter 5 Jahren mit einer altersgemaessen Entwicklung hinsichtlich Gesundheit, Lernen und psycho-sozialem Wohlbefinden, nach Geschlecht"
56,4.2.2,4,4.2,"Bis 2030 sicherstellen, dass alle Maedchen und Jungen Zugang zu hochwertiger frehkindlicher Erziehung, Betreuung und Vorschulbildung erhalten, damit sie auf die Grundschule vorbereitet sind","Teilnahmequote an frehkindlicher Bildung (ein Jahr vor dem offiziellen Einschulungsalter), nach Geschlecht"
57,4.3.1,4,4.3,"Bis 2030 den gleichberechtigten Zugang aller Frauen und Maenner zu einer erschwinglichen und hochwertigen fachlichen, beruflichen und tertiaeren Bildung einschliesslich universitaerer Bildung gewaehrleisten","Teilnahmequote von Jugendlichen und Erwachsenen an formaler und non-formaler Bildung und Ausbildung in den vergangenen 12 Monaten, nach Geschlecht"
58,4.4.1,4,4.4,"Bis 2030 die Zahl der Jugendlichen und Erwachsenen wesentlich erhoehen, die eber die entsprechenden Qualifikationen einschliesslich fachlicher und beruflicher Qualifikationen fer eine Beschaeftigung, eine menschenwerdige Arbeit und Unternehmertum verfegen","Anteil der Jugendlichen und Erwachsenen mit Kompetenzen bezogen auf Informations- und Kommunikationstechnologie (IKT), nach Kompetenztyp"
59,4.5.1,4,4.5,"Bis 2030 geschlechtsspezifische Disparitaeten in der Bildung beseitigen und den gleichberechtigen Zugang der Schwachen in der Gesellschaft, namentlich von Menschen mit Behinderungen, Angehoerigen indigener Voelker und Kindern in prekaeren Situationen, zu allen Bildungs- und Ausbildungsebenen gewaehrleisten","Paritaets-Indizes (weiblich/maennlich, rural/urban, unterstes/oberstes Vermoegensquintil und sonstige, wie z. B. Behinderungsstatus, einheimische Bevoelkerung und konfliktbetroffen, sobald Daten verfegbar sind) fer alle Bildungsindikatoren in dieser Liste, die disaggregiert werden koennen"
60,4.6.1,4,4.6,"Bis 2030 sicherstellen, dass alle Jugendlichen und ein erheblicher Anteil der maennlichen und weiblichen Erwachsenen lesen, schreiben und rechnen lernen","Anteil der Bevoelkerung innerhalb einer gegebenen Altersgruppe, die mindestens eber Grundkompetenzen in (a) Lesen und (b) Rechnen verfegt, nach Geschlechtÿ"
61,4.7.1,4,4.7,"Bis 2030 sicherstellen, dass alle Lernenden die notwendigen Kenntnisse und Qualifikationen zur Foerderung nachhaltiger Entwicklung erwerben, unter anderem durch Bildung fer nachhaltige Entwicklung und nachhaltige Lebensweisen, Menschenrechte, Geschlechtergleichstellung, eine Kultur des Friedens und der Gewaltlosigkeit, Weltbergerschaft und die Wertschaetzung kultureller Vielfalt und des Beitrags der Kultur zu nachhaltiger Entwicklung","Ausmass, in dem auf allen Ebenen (i) ""Global Citizenship Education"" und (ii) Bildung fer nachhaltige Entwicklung, einschliesslich der Gleichstellung der Geschlechter und Menschenrechte, in (a) der nationalen Bildungspolitik, (b) Lehrplaenen, (c) Ausbildung von Lehrkraeften und (d) Schulleistungsbewertungen berecksichtigt werden"
62,4.a.1,4,4.a,"Bildungseinrichtungen bauen und ausbauen, die kinder-, behinderten- und geschlechtergerecht sind und eine sichere, gewaltfreie, inklusive und effektive Lernumgebung fer alle bieten",Anteil der Schulen mit Zugang zu: (a) Strom; (b) Internet fer paedagogische Zwecke; (c) Computern fer paedagogische Zwecke; (d) angepasste Infrastruktur und Materialien fer Scheler mit Behinderungen; (e) Trinkwasser; (f) geschlechterspezifischen sanitaeren Anlagen; und g) grundlegende Ausstattung zum Haendewaschen (gemaess den WASH-Indikator-Defnitionen)
63,4.b.1,4,4.b,"Bis 2020 weltweit die Zahl der verfegbaren Stipendien fer Entwicklungslaender, insbesondere fer die am wenigsten entwickelten Laender, die kleinen Inselentwicklungslaender und die afrikanischen Laender, zum Besuch einer Hochschule, einschliesslich zur Berufsbildung und zu Informations- und Kommunikationstechnik-, Technik-, Ingenieurs- und Wissenschaftsprogrammen, in entwickelten Laendern und in anderen Entwicklungslaendern wesentlich erhoehen",Umfang der Ausgaben fer oeffentliche Entwicklungszusammenarbeit fer Stipendien nach Sektor und Art des Studiums
64,4.c.1,4,4.c,Bis 2030 das Angebot an qualifizierten Lehrkraeften unter anderem durch internationale Zusammenarbeit im Bereich der Lehrerausbildung in den Entwicklungslaendern und insbesondere in den am wenigsten entwickelten Laendern und kleinen Inselentwicklungslaendern wesentlich erhoehen,"Anteil der Lehrer in: (a) Vorschule; (b) Grundschule; (c ) Sekundarstufe I; und (d) Sekundarstufe II, die vor oder waehrend ihrer Taetigkeit zumindest die geforderte Grundausbildung (z. B. paedagogisches Training) zum Unterrichten fer die entsprechende Schulstufe im jeweiligen Land erhalten haben"
65,5.1.1,5,5.1,Alle Formen der Diskriminierung von Frauen und Maedchen eberall auf der Welt beenden,"Existenz gesetzlicher Rahmenbedingungen, die die Gleichstellung und die Nicht-Diskriminierung aufgrund des Geschlechts foerdern, durchsetzen und eberwachen"
66,5.2.1,5,5.2,Alle Formen von Gewalt gegen alle Frauen und Maedchen im oeffentlichen und im privaten Bereich einschliesslich des Menschenhandels und sexueller und anderer Formen der Ausbeutung beseitigen,"Anteil der sich jemals in einer Partnerschaft befundenen Frauen und Maedchen im Alter von 15 Jahren und aelter, die physischer, sexueller oder psychischer Gewalt durch ihren aktuellen oder freheren intimen Partner in den vergangenen 12 Monaten ausgesetzt waren, nach Gewaltart und Alter"
67,5.2.2,5,5.2,Alle Formen von Gewalt gegen alle Frauen und Maedchen im oeffentlichen und im privaten Bereich einschliesslich des Menschenhandels und sexueller und anderer Formen der Ausbeutung beseitigen,"Anteil der Frauen und Maedchen im Alter von 15 Jahren und aelter, die sexueller Gewalt durch andere Personen als einem intimen Partner in den vergangenen 12 Monaten ausgesetzt waren, nach Alter und Ort des Geschehens"
68,5.3.1,5,5.3,"Alle schaedlichen Praktiken wie Kinderheirat, Frehverheiratung und Zwangsheirat sowie die Genitalverstemmelung bei Frauen und Maedchen beseitigen","Anteil der 20-bis 24-jaehrigen Frauen, die verheiratet oder in einer vergleichbaren Verbindung waren, bevor sie 15 und bevor sie 18 Jahre alt waren"
69,5.3.2,5,5.3,"Alle schaedlichen Praktiken wie Kinderheirat, Frehverheiratung und Zwangsheirat sowie die Genitalverstemmelung bei Frauen und Maedchen beseitigen","Anteil der 15- bis 49-jaehrigen Maedchen und Frauen, die weibliche Genitalverstemmelung erlitten haben, nach Alter"
70,5.4.1,5,5.4,"Unbezahlte Pflege- und Hausarbeit durch die Bereitstellung oeffentlicher Dienstleistungen und Infrastrukturen, Sozialschutzmassnahmen und die Foerderung geteilter Verantwortung innerhalb des Haushalts und der Familie entsprechend den nationalen Gegebenheiten anerkennen und wertschaetzen","Anteil des Zeitaufwands fer unbezahlte Haus- und Pflegearbeit, nach Geschlecht, Alter und Ort"
71,5.5.1,5,5.5,"Die volle und wirksame Teilhabe von Frauen und ihre Chancengleichheit bei der ebernahme von Fehrungsrollen auf allen Ebenen der Entscheidungsfindung im politischen, wirtschaftlichen und oeffentlichen Leben sicherstellen",Frauenanteil in (a) nationalen Parlamenten und (b) Landesregierungen
72,5.5.2,5,5.5,"Die volle und wirksame Teilhabe von Frauen und ihre Chancengleichheit bei der ebernahme von Fehrungsrollen auf allen Ebenen der Entscheidungsfindung im politischen, wirtschaftlichen und oeffentlichen Leben sicherstellen",Frauenanteil in Fehrungspositionen
73,5.6.1,5,5.6,"Den allgemeinen Zugang zu sexueller und reproduktiver Gesundheit und reproduktiven Rechten gewaehrleisten, wie im Einklang mit dem Aktionsprogramm der Internationalen Konferenz eber Bevoelkerung und Entwicklung, der Aktionsplattform von Beijing und den Ergebnisdokumenten ihrer eberprefungskonferenzen vereinbart","Anteil der 15- bis 49- jaehrigen Frauen, die eigene informierte Entscheidungen bezeglich sexueller Beziehungen, Verhetungsmitteln und reproduktiver Gesundheitsvorsorge treffen"
74,5.6.2,5,5.6,"Den allgemeinen Zugang zu sexueller und reproduktiver Gesundheit und reproduktiven Rechten gewaehrleisten, wie im Einklang mit dem Aktionsprogramm der Internationalen Konferenz eber Bevoelkerung und Entwicklung, der Aktionsplattform von Beijing und den Ergebnisdokumenten ihrer eberprefungskonferenzen vereinbart","Anzahl der Staaten mit Gesetzen und Vorschriften, die den vollen und gleichberechtigten Zugang fer Frauen im Alter von 15 Jahren und aelter zur sexuellen und reproduktiven Gesundheitsvorsorge, Information und Bildung garantieren"
75,5.a.1,5,5.a,"Reformen durchfehren, um Frauen die gleichen Rechte auf wirtschaftliche Ressourcen sowie Zugang zu Grundeigentum und zur Verfegungsgewalt eber Grund und Boden und sonstige Vermoegensformen, zu Finanzdienstleistungen, Erbschaften und naterlichen Ressourcen zu verschaffen, im Einklang mit den nationalen Rechtsvorschriften","(a) Anteil der landwirtschaftlichen Bevoelkerung mit Eigentum oder sicheren Rechten an landwirtschaftlichen Flaechen, nach geschlecht; und (b) Frauenanteil unter Eigentemern und sonstigen Rechteinhabern  landwirtschaftlicher Flaechen, nach der Art Besitzanspruches"
76,5.a.2,5,5.a,"Reformen durchfehren, um Frauen die gleichen Rechte auf wirtschaftliche Ressourcen sowie Zugang zu Grundeigentum und zur Verfegungsgewalt eber Grund und Boden und sonstige Vermoegensformen, zu Finanzdienstleistungen, Erbschaften und naterlichen Ressourcen zu verschaffen, im Einklang mit den nationalen Rechtsvorschriften","Anteil der Staaten mit Gesetzen (einschliesslich Gewohnheitsrecht), die Frauen die gleichen Rechte fer Landeigentum und/oder -nutzung garantieren"
77,5.b.1,5,5.b,"Die Nutzung von Grundlagentechnologien, insbesondere der Informations- und Kommunikationstechnologien, verbessern, um die Selbstbestimmung der Frauen zu foerdern","Anteil der Menschen, die ein Mobiltelefon besitzen, nach Geschlecht"
78,5.c.1,5,5.c,Eine solide Politik und durchsetzbare Rechtsvorschriften zur Foerderung der Gleichstellung der Geschlechter und der Selbstbestimmung aller Frauen und Maedchen auf allen Ebenen beschliessen und verstaerken,Anteil der Staaten mit Systemen zur transparenten Nachverfolgung oeffentlicher Zuwendungen fer Gleichberechtigung und Frauenfoerderung
79,6.1.1,6,6.1,"Bis 2030 den allgemeinen und gerechten Zugang zu einwandfreiem und bezahlbarem
Trinkwasser fer alle erreichen",Anteil der Bevoelkerung mit Zugang zu einer sicheren Trinkwasserversorgung
80,6.2.1,6,6.2,"Bis 2030 den Zugang zu einer angemessenen und gerechten Sanitaerversorgung und Hygiene fer alle erreichen und der Notdurftverrichtung im Freien ein Ende setzen, unter besonderer Beachtung der Bederfnisse von Frauen und Maedchen und von Menschen in prekaeren Situationen",Anteil der Bevoelkerung mit (a) Zugang zu einer sicheren Sanitaerversorgung und (b) einem Handwaschbecken mit Seife und Wasser
81,6.3.1,6,6.3,"Bis 2030 die Wasserqualitaet durch Verringerung der Verschmutzung, Beendigung des Einbringens und Minimierung der Freisetzung gefaehrlicher Chemikalien und Stoffe, Halbierung des Anteils unbehandelten Abwassers und eine betraechtliche Steigerung der Wiederaufbereitung und gefahrlosen Wiederverwendung weltweit verbessern",Anteil des sicher behandelten Abwassers
82,6.3.2,6,6.3,"Bis 2030 die Wasserqualitaet durch Verringerung der Verschmutzung, Beendigung des Einbringens und Minimierung der Freisetzung gefaehrlicher Chemikalien und Stoffe, Halbierung des Anteils unbehandelten Abwassers und eine betraechtliche Steigerung der Wiederaufbereitung und gefahrlosen Wiederverwendung weltweit verbessern",Anteil der Gewaesser mit guter Wasserqualitaet
83,6.4.1,6,6.4,"Bis 2030 die Effizienz der Wassernutzung in allen Sektoren wesentlich steigern und eine nachhaltige Entnahme und Bereitstellung von Sesswasser gewaehrleisten, um der Wasserknappheit zu begegnen und die Zahl der unter Wasserknappheit leidenden Menschen erheblich zu verringern",aenderung der Wassernutzungseffizienz im Zeitablauf
84,6.4.2,6,6.4,"Bis 2030 die Effizienz der Wassernutzung in allen Sektoren wesentlich steigern und eine nachhaltige Entnahme und Bereitstellung von Sesswasser gewaehrleisten, um der Wasserknappheit zu begegnen und die Zahl der unter Wasserknappheit leidenden Menschen erheblich zu verringern",Grad der Wasserknappheit: Sesswasserentnahme als Anteil an den verfegbaren Sesswasserressourcen
85,6.5.1,6,6.5,"Bis 2030 auf allen Ebenen eine integrierte Bewirtschaftung der Wasserressourcen umsetzen, gegebenenfalls auch mittels grenzeberschreitender Zusammenarbeit",Grad der Implementierung eines integrierten Wasserressourcenmanagements (0-100)
86,6.5.2,6,6.5,"Bis 2030 auf allen Ebenen eine integrierte Bewirtschaftung der Wasserressourcen umsetzen, gegebenenfalls auch mittels grenzeberschreitender Zusammenarbeit",Anteil der grenzeberschreitenden Flussgebiete mit einer operationalen Vereinbarung zur Wasserkooperation
87,6.6.1,6,6.6,"Bis 2020 wasserverbundene oekosysteme schetzen und wiederherstellen, darunter Berge, Waelder, Feuchtgebiete, Flesse, Grundwasserleiter und Seen",aenderung des Umfangs von Wasser-oekosystemen im Zeitablauf
88,6.a.1,6,6.a,"Bis 2030 die internationale Zusammenarbeit und die Unterstetzung der Entwicklungslaender beim Kapazitaetsaufbau fer Aktivitaeten und Programme im Bereich der Wasser- und Sanitaerversorgung ausbauen, einschliesslich der Wassersammlung und -speicherung, Entsalzung, effizienten Wassernutzung, Abwasserbehandlung, Wiederaufbereitungs- und Wiederverwendungstechnologien","Betrag an  oeffentlichen Entwicklungsausgaben fer Wasserver- und -entsorgung, die Teil eines geregelten oeffentlichen Haushaltsplans sind"
89,6.b.1,6,6.b,Die Mitwirkung lokaler Gemeinwesen an der Verbesserung der Wasserbewirtschaftung und der Sanitaerversorgung unterstetzen und verstaerken,Anteil der lokalen Verwaltungseinheiten mit etablierten und operationalen Strategien und Verfahren zur Beteiligung der Gemeinden am Wasser- und Abwassermanagement
90,7.1.1,7,7.1,"Bis 2030 den allgemeinen Zugang zu bezahlbaren, verlaesslichen und modernen Energiedienstleistungen sichern",Anteil der Bevoelkerung mit Zugang zu Elektrizitaet
91,7.1.2,7,7.1,"Bis 2030 den allgemeinen Zugang zu bezahlbaren, verlaesslichen und modernen Energiedienstleistungen sichern",Anteil der Bevoelkerung mit eberwiegender Abhaengigkeit von sauberen Energietraegern und Technologien
92,7.2.1,7,7.2,Bis 2030 den Anteil erneuerbarer Energie am globalen Energiemix deutlich erhoehen,Anteil der erneuerbaren Energien am gesamten Endenergieverbrauch
93,7.3.1,7,7.3,Bis 2030 die weltweite Steigerungsrate der Energieeffizienz verdoppeln,Energieintensitaet gemessen als Primaerenergie zum BIP
94,7.a.1,7,7.a,"Bis 2030 die internationale Zusammenarbeit verstaerken, um den Zugang zur Forschung und Technologie im Bereich saubere Energie, namentlich erneuerbare Energie, Energieeffizienz sowie fortschrittliche und saubere Technologien fer fossile Brennstoffe, zu erleichtern, und Investitionen in die Energieinfrastruktur und saubere Energietechnologien foerdern","Internationale Geldstroeme an Entwicklungslaender zur Foerderung von Forschung und Entwicklung im Bereich sauberer Energien sowie erneuerbarer Energieproduktion, einschliesslich Hybridsystemen"
95,7.b.1,7,7.b,"Bis 2030 die Infrastruktur ausbauen und die Technologie modernisieren, um in den Entwicklungslaendern und insbesondere in den am wenigsten entwickelten Laendern, den kleinen Inselentwicklungslaendern und den Binnenentwicklungslaendern im Einklang mit ihren jeweiligen Unterstetzungsprogrammen moderne und nachhaltige Energiedienstleistungen fer alle bereitzustellen",Investitionen in Energieeffizienz als Anteil am BIP und Betrag der auslaendischen Direktinvestitionen als Finanzmittel fer Infrastruktur und Technologien fer nachhaltige Entwicklungsleistungen
96,8.1.1,8,8.1,Ein Pro-Kopf-Wirtschaftswachstum entsprechend den nationalen Gegebenheiten und insbesondere ein jaehrliches Wachstum des Bruttoinlandsprodukts von mindestens 7 Prozent in den am wenigsten entwickelten Laendern aufrechterhalten,Jaehrliche Wachstumsrate des realen BIP pro Kopf
97,8.2.1,8,8.2,"Eine hoehere wirtschaftliche Produktivitaet durch Diversifizierung, technologische Modernisierung und Innovation erreichen, einschliesslich durch Konzentration auf mit hoher Wertschoepfung verbundene und arbeitsintensive Sektoren",Jaehrliche Wachstumsrate des realen BIP je Beschaeftigten
98,8.3.1,8,8.3,"Entwicklungsorientierte Politiken foerdern, die produktive Taetigkeiten, die Schaffung menschenwerdiger Arbeitsplaetze, Unternehmertum, Kreativitaet und Innovation unterstetzen, und die Formalisierung und das Wachstum von Kleinst-, Klein- und Mittelunternehmen unter anderem durch den Zugang zu Finanzdienstleistungen begenstigen","Anteil der informellen Beschaeftigung ausserhalb der Landwirtschaft, nach Geschlecht"
99,8.4.1,8,8.4,"Bis 2030 die weltweite Ressourceneffizienz in Konsum und Produktion Schritt fer Schritt verbessern und die Entkopplung von Wirtschaftswachstum und Umweltzerstoerung anstreben, im Einklang mit dem Zehnjahres-Programmrahmen fer nachhaltige Konsum- und Produktionsmuster, wobei die entwickelten Laender die Fehrung ebernehmen","Rohstoff-Fussabdruck, Rohstoff-Fussabdruck pro Kopf und Rohstoff-Fussabdruck pro BIP"
100,8.4.2,8,8.4,"Bis 2030 die weltweite Ressourceneffizienz in Konsum und Produktion Schritt fer Schritt verbessern und die Entkopplung von Wirtschaftswachstum und Umweltzerstoerung anstreben, im Einklang mit dem Zehnjahres-Programmrahmen fer nachhaltige Konsum- und Produktionsmuster, wobei die entwickelten Laender die Fehrung ebernehmen","Inlaendischer Materialverbrauch, inlaendischer Materialverbrauch pro Kopf und inlaendischer Materialverbrauch pro BIP"
101,8.5.1,8,8.5,"Bis 2030 produktive Vollbeschaeftigung und menschenwerdige Arbeit fer alle Frauen und Maenner, einschliesslich junger Menschen und Menschen mit Behinderungen, sowie gleiches Entgelt fer gleichwertige Arbeit erreichen","Durchschnittlicher Stundenlohn von weiblichen und maennlichen Beschaeftigten, nach Beschaeftigung, Alter und Personen mit Behinderungen"
102,8.5.2,8,8.5,"Bis 2030 produktive Vollbeschaeftigung und menschenwerdige Arbeit fer alle Frauen und Maenner, einschliesslich junger Menschen und Menschen mit Behinderungen, sowie gleiches Entgelt fer gleichwertige Arbeit erreichen","Arbeitslosenquote, nach Geschlecht, Alter und Personen mit Behinderungen"
103,8.6.1,8,8.6,"Bis 2020 den Anteil junger Menschen, die ohne Beschaeftigung sind und keine Schul- oder Berufsausbildung durchlaufen, erheblich verringern","Anteil der Jugendlichen (15 bis 24 Jahre), die nicht in schulischer Ausbildung, in Beschaeftigung oder in einer Berufsausbildung sindÿ"
104,8.7.1,8,8.7,"Sofortige und wirksame Massnahmen ergreifen, um Zwangsarbeit abzuschaffen, moderne Sklaverei und Menschenhandel zu beenden und das Verbot und die Beseitigung der schlimmsten Formen der Kinderarbeit, einschliesslich der Einziehung und des Einsatzes von Kindersoldaten, sicherstellen und bis 2025 jeder Form von Kinderarbeit ein Ende setzen","Anteil und Anzahl der Kinder zwischen 5 und 17 Jahren, die Kinderarbeit verrichten, nach Geschlecht und Alter"
105,8.8.1,8,8.8,"Die Arbeitsrechte schetzen und sichere Arbeitsumgebungen fer alle Arbeitnehmer, einschliesslich der Wanderarbeitnehmer, insbesondere der Wanderarbeitnehmerinnen, und der Menschen in prekaeren Beschaeftigungsverhaeltnissen, foerdern","Haeufigkeitsraten von toedlichen und nicht-toedlichen Arbeitsunfaellen, nach Geschlecht und Migrationsstatus"
106,8.8.2,8,8.8,"Die Arbeitsrechte schetzen und sichere Arbeitsumgebungen fer alle Arbeitnehmer, einschliesslich der Wanderarbeitnehmer, insbesondere der Wanderarbeitnehmerinnen, und der Menschen in prekaeren Beschaeftigungsverhaeltnissen, foerdern","Grad der nationalen Einhaltung der Arbeitnehmerrechte (Vereinigungsfreiheit und Kollektivverhandlungen) basierend auf Textquellen der Internationalen Arbeitsorganisation (ILO) und nationaler Gesetzesgrundlagen, nach Geschlecht und Migrationsstatus"
107,8.9.1,8,8.9,"Bis 2030 Politiken zur Foerderung eines nachhaltigen Tourismus erarbeiten und umsetzen, der Arbeitsplaetze schafft und die lokale Kultur und lokale Produkte foerdert",Beitrag des Tourismus zum BIP als Anteil am gesamten BIP und als Veraenderungsrate
108,8.9.2,8,8.9,"Bis 2030 Politiken zur Foerderung eines nachhaltigen Tourismus erarbeiten und umsetzen, der Arbeitsplaetze schafft und die lokale Kultur und lokale Produkte foerdert",Anteil der Arbeitsplaetze im Bereich nachhaltiger Tourismus an den gesamten Arbeitsplaetzen im Tourismus
109,8.10.1,8,8.10," Die Kapazitaeten der nationalen Finanzinstitutionen staerken, um den Zugang zu Bank-, Versicherungs- und Finanzdienstleistungen fer alle zu begenstigen und zu erweitern", (a) Anzahl der Bankfilialen pro 100.000 Erwachsenen und (b) Anzahl der Bankautomaten pro 100.000 Erwachsenen
110,8.10.2,8,8.10," Die Kapazitaeten der nationalen Finanzinstitutionen staerken, um den Zugang zu Bank-, Versicherungs- und Finanzdienstleistungen fer alle zu begenstigen und zu erweitern", Anteil der Erwachsenen (15 Jahre und aelter) mit einem Konto bei einer Bank oder einem anderen Finanzinstitut oder einem mobilen Geldleistungsanbieter
111,8.a.1,8,8.a,"Die im Rahmen der Handelshilfe gewaehrte Unterstetzung fer die Entwicklungslaender und insbesondere die am wenigsten entwickelten Laender erhoehen, unter anderem durch den Erweiterten integrierten Rahmenplan fer handelsbezogene technische Hilfe fer die am wenigsten entwickelten Laender","""Aid for Trade""-Zusagen und -Auszahlungen"
112,8.b.1,8,8.b,Bis 2020 eine globale Strategie fer Jugendbeschaeftigung erarbeiten und auf den Weg bringen und den Globalen Beschaeftigungspakt der Internationalen Arbeitsorganisation umsetzen,"Existenz einer entwickelten und operationalisierten nationalen Strategie zu Jugendarbeitslosigkeit, als eigenstaendige Strategie oder als Teil der nationalen Beschaeftigungsstrategie"
113,9.1.1,9,9.1,"Eine hochwertige, verlaessliche, nachhaltige und widerstandsfaehige Infrastruktur aufbauen, einschliesslich regionaler und grenzeberschreitender Infrastruktur, um die wirtschaftliche Entwicklung und das menschliche Wohlergehen zu unterstetzen, und dabei den Schwerpunkt auf einen erschwinglichen und gleichberechtigten Zugang fer alle legen","Anteil der ruralen Bevoelkerung, die im Umkreis von 2 km entfernt an einer ganzjaehrig befahrbaren Strasse lebt"
114,9.1.2,9,9.1,"Eine hochwertige, verlaessliche, nachhaltige und widerstandsfaehige Infrastruktur aufbauen, einschliesslich regionaler und grenzeberschreitender Infrastruktur, um die wirtschaftliche Entwicklung und das menschliche Wohlergehen zu unterstetzen, und dabei den Schwerpunkt auf einen erschwinglichen und gleichberechtigten Zugang fer alle legen","Passagiere und Frachtvolumen, nach der Art des Transports"
115,9.2.1,9,9.2,Eine breitenwirksame und nachhaltige Industrialisierung foerdern und bis 2030 den Anteil der Industrie an der Beschaeftigung und am Bruttoinlandsprodukt entsprechend den nationalen Gegebenheiten erheblich steigern und den Anteil in den am wenigsten entwickelten Laendern verdoppeln,Wertschoepfung des Verarbeitenden Gewerbes als Anteil am BIP und pro Kopf
116,9.2.2,9,9.2,Eine breitenwirksame und nachhaltige Industrialisierung foerdern und bis 2030 den Anteil der Industrie an der Beschaeftigung und am Bruttoinlandsprodukt entsprechend den nationalen Gegebenheiten erheblich steigern und den Anteil in den am wenigsten entwickelten Laendern verdoppeln,Beschaeftigung im Verarbeitenden Gewerbe als Anteil an der Beschaeftigung insgesamt
117,9.3.1,9,9.3,"Insbesondere in den Entwicklungslaendern den Zugang kleiner Industrie- und anderer Unternehmen zu Finanzdienstleistungen, einschliesslich bezahlbaren Krediten, und ihre Einbindung in Wertschoepfungsketten und Maerkte erhoehen",Anteil der Wertschoepfung kleiner Unternehmen an der gesamten Wertschoepfung der Industrie
118,9.3.2,9,9.3,"Insbesondere in den Entwicklungslaendern den Zugang kleiner Industrie- und anderer Unternehmen zu Finanzdienstleistungen, einschliesslich bezahlbaren Krediten, und ihre Einbindung in Wertschoepfungsketten und Maerkte erhoehen",Kleine Unternehmen mit einem Kredit oder einer Kreditlinie
119,9.4.1,9,9.4,"Bis 2030 die Infrastruktur modernisieren und die Industrien nachresten, um sie nachhaltig zu machen, mit effizienterem Ressourceneinsatz und unter vermehrter Nutzung sauberer und umweltvertraeglicher Technologien und Industrieprozesse, wobei alle Laender Massnahmen entsprechend ihren jeweiligen Kapazitaeten ergreifen",CO2-Emissionen pro Wertschoepfungseinheit
120,9.5.1,9,9.5,Die wissenschaftliche Forschung verbessern und die technologischen Kapazitaeten der Industriesektoren in allen Laendern und insbesondere in den Entwicklungslaendern ausbauen und zu diesem Zweck bis 2030 unter anderem Innovationen foerdern und die Anzahl der im Bereich Forschung und Entwicklung taetigen Personen je 1 Million Menschen sowie die oeffentlichen und privaten Ausgaben fer Forschung und Entwicklung betraechtlich erhoehen,Ausgaben fer Forschung und Entwicklung als Anteil am BIP
121,9.5.2,9,9.5,Die wissenschaftliche Forschung verbessern und die technologischen Kapazitaeten der Industriesektoren in allen Laendern und insbesondere in den Entwicklungslaendern ausbauen und zu diesem Zweck bis 2030 unter anderem Innovationen foerdern und die Anzahl der im Bereich Forschung und Entwicklung taetigen Personen je 1 Million Menschen sowie die oeffentlichen und privaten Ausgaben fer Forschung und Entwicklung betraechtlich erhoehen,Wissenschaftler (in Vollzeit-aequivalenten) pro eine Million Einwohner
122,9.a.1,9,9.a,"Die Entwicklung einer nachhaltigen und widerstandsfaehigen Infrastruktur in den Entwicklungslaendern durch eine verstaerkte finanzielle, technologische und technische Unterstetzung der afrikanischen Laender, der am wenigsten entwickelten Laender, der Binnenentwicklungslaender und der kleinen Inselentwicklungslaender erleichtern",oeffentliche internationale Unterstetzung insgesamt (oeffentliche Entwicklungsausgaben plus sonstige oeffentliche Ausgaben) fer Infrastruktur
123,9.b.1,9,9.b,"Die einheimische Technologieentwicklung, Forschung und Innovation in den Entwicklungslaendern unterstetzen, einschliesslich durch Sicherstellung eines foerderlichen politischen Umfelds, unter anderem fer industrielle Diversifizierung und Wertschoepfung im Rohstoffbereich",Anteil der Wertschoepfung der Medium- und High-Tech-Industrie an der Wertschoepfung insgesamt
124,9.c.1,9,9.c,"Den Zugang zur Informations- und Kommunikationstechnologie erheblich erweitern sowie anstreben, in den am wenigsten entwickelten Laendern bis 2020 einen allgemeinen und erschwinglichen Zugang zum Internet bereitzustellen","Anteil der Bevoelkerung, die durch ein Mobilfunknetz abgedeckt ist, nach Technologie"
125,10.1.1,10,10.1,Bis 2030 nach und nach ein eber dem nationalen Durchschnitt liegendes Einkommenswachstum der aermsten 40 Prozent der Bevoelkerung erreichen und aufrechterhalten,Wachstumsraten von Haushaltsausgaben oder -einkommen pro Kopf der unteren 40 Prozent der Bevoelkerung und der Gesamtbevoelkerung
126,10.2.1,10,10.2,"Bis 2030 alle Menschen unabhaengig von Alter, Geschlecht, Behinderung, Rasse, Ethnizitaet, Herkunft, Religion oder wirtschaftlichem oder sonstigem Status zu Selbstbestimmung befaehigen und ihre soziale, wirtschaftliche und politische Inklusion foerdern","Anteil der Menschen, die mit weniger als 50% des Medianeinkommens leben, nach Geschlecht, Alter und Personen mit Behinderungen"
127,10.3.1,10,10.3,"Chancengleichheit gewaehrleisten und Ungleichheit der Ergebnisse reduzieren, namentlich durch die Abschaffung diskriminierender Gesetze, Politiken und Praktiken und die Foerderung geeigneter gesetzgeberischer, politischer und sonstiger Massnahmen in dieser Hinsicht","Anteil der Bevoelkerung, die angibt sich in den vergangenen 12 Monaten persoenlich diskriminiert oder belaestigt gefehlt zu haben basierend auf einer Diskriminierung, die nach internationalem Menschenrechtsgesetz verboten ist"
128,10.4.1,10,10.4,"Politische Massnahmen beschliessen, insbesondere fiskalische, lohnpolitische und den Sozialschutz betreffende Massnahmen, und schrittweise groessere Gleichheit erzielen","Lohnanteil am BIP, bestehend aus Arbeitsentgelten und Sozialversicherungsbeitraegen"
129,10.5.1,10,10.5,Die Regulierung und eberwachung der globalen Finanzmaerkte und -institutionen verbessern und die Anwendung der einschlaegigen Vorschriften verstaerken,"""Financial Soundness Indicators"""
130,10.6.1,10,10.6,"Eine bessere Vertretung und verstaerkte Mitsprache der Entwicklungslaender bei der Entscheidungsfindung in den globalen internationalen Wirtschafts- und Finanzinstitutionen sicherstellen, um die Wirksamkeit, Glaubwerdigkeit, Rechenschaftslegung und Legitimation dieser Institutionen zu erhoehen",Anteil der Mitgliedschaft und Stimmrechte von Entwicklungslaendern in internationalen Organisationen
131,10.7.1,10,10.7,"Eine geordnete, sichere, regulaere und verantwortungsvolle Migration und Mobilitaet von Menschen erleichtern, unter anderem durch die Anwendung einer planvollen und gut gesteuerten Migrationspolitik",Von Beschaeftigten getragene Einstellungskosten als Anteil des Jahreseinkommens des Bestimmungslandes
132,10.7.2,10,10.7,"Eine geordnete, sichere, regulaere und verantwortungsvolle Migration und Mobilitaet von Menschen erleichtern, unter anderem durch die Anwendung einer planvollen und gut gesteuerten Migrationspolitik",Anzahl der Staaten mit gut umgesetzter Migrationspolitik
133,10.a.1,10,10.a,"Den Grundsatz der besonderen und differenzierten Behandlung der Entwicklungslaender, insbesondere der am wenigsten entwickelten Laender, im Einklang mit den ebereinkenften der Welthandelsorganisation anwenden",Anteil der Zolltarife auf Einfuhren aus den am wenigsten entwickelten Laendern sowie Entwicklungslaender mit Zollfreiheit
134,10.b.1,10,10.b,"oeffentliche Entwicklungshilfe und Finanzstroeme einschliesslich auslaendischer Direktinvestitionen in die Staaten foerdern, in denen der Bedarf am groessten ist, insbesondere in die am wenigsten entwickelten Laender, die afrikanischen Laender, die kleinen Inselentwicklungslaender und die Binnenentwicklungslaender, im Einklang mit ihren jeweiligen nationalen Plaenen und Programmen","Gesamte Geldstroeme fer Entwicklung, nach Nehmer- und Geberlaendern und Art des Zahlungsstroms (z. B. oeffentliche Entwicklungsausgaben, auslaendische Direktinvestitionen und sonstige Geldstroeme)"
135,10.c.1,10,10.c,Bis 2030 die Transaktionskosten fer Heimateberweisungen von Migranten auf weniger als 3 Prozent senken und eberweisungskorridore mit Kosten von eber 5 Prozent beseitigen,Reckeberweisungskostenÿals Anteil am eberweisungsbetrages
136,11.1.1,11,11.1,"Bis 2030 den Zugang zu angemessenem, sicherem und bezahlbarem Wohnraum und zur Grundversorgung fer alle sicherstellen und Slums sanieren","Anteil der urbanen Bevoelkerung, die in Slums, informellen Siedlungen oder unangemessenen Unterkenften lebt"
137,11.2.1,11,11.2,"Bis 2030 den Zugang zu sicheren, bezahlbaren, zugaenglichen und nachhaltigen Verkehrssystemen fer alle ermoeglichen und die Sicherheit im Strassenverkehr verbessern, insbesondere durch den Ausbau des oeffentlichen Verkehrs, mit besonderem Augenmerk auf den Bederfnissen von Menschen in prekaeren Situationen, Frauen, Kindern, Menschen mit Behinderungen und aelteren Menschen","Anteil der Bevoelkerung mit einem geeigneten Zugang zu oeffentlichen Verkehrsmitteln, nach Geschlecht, Alter und Personen mit Behinderungen"
138,11.3.1,11,11.3,"Bis 2030 die Verstaedterung inklusiver und nachhaltiger gestalten und die Kapazitaeten fer eine partizipatorische, integrierte und nachhaltige Siedlungsplanung und -steuerung in allen Laendern verstaerken",Verhaeltnis der Flaechennutzungs- zur Bevoelkerungswachstumsrate
139,11.3.2,11,11.3,"Bis 2030 die Verstaedterung inklusiver und nachhaltiger gestalten und die Kapazitaeten fer eine partizipatorische, integrierte und nachhaltige Siedlungsplanung und -steuerung in allen Laendern verstaerken","Anteil der Staedte mit direkten Beteiligungsmoeglichkeiten der Zivilgesellschaft bei der urbanen Raumplanung und -management, die regelmaessig und demokratisch sind"
140,11.4.1,11,11.4,"Die Anstrengungen zum Schutz und zur Wahrung des Weltkultur- und -naturerbes
verstaerken","Gesamte Ausgaben (oeffentlich und privat) pro Kopf fer die Bewahrung, den Schutz und die Erhaltung des Kultur- und Naturerbes, nach der Art des Erbes (Kultur, Natur, gemischt und Weltkulturerbe-Bestimmung), Regierungsebene (national, regional und lokal/kommunal), Art der Ausgabe (Betriebsausgabe/Investition) und Art der privaten Finanzierung (Sachspenden, privater Non-Profit-Sektor und Sponsoring)"
141,11.5.1,11,11.5,"Bis 2030 die Zahl der durch Katastrophen, einschliesslich Wasserkatastrophen, bedingten Todesfaelle und der davon betroffenen Menschen deutlich reduzieren und die dadurch verursachten unmittelbaren wirtschaftlichen Verluste im Verhaeltnis zum globalen Bruttoinlandsprodukt wesentlich verringern, mit Schwerpunkt auf dem Schutz der Armen und von Menschen in prekaeren Situationen","Anzahl der Todesfaelle, vermissten Personen und direkt von Katastrophen betroffenen Personen pro 100.000 Einwohner"
142,11.5.2,11,11.5,"Bis 2030 die Zahl der durch Katastrophen, einschliesslich Wasserkatastrophen, bedingten Todesfaelle und der davon betroffenen Menschen deutlich reduzieren und die dadurch verursachten unmittelbaren wirtschaftlichen Verluste im Verhaeltnis zum globalen Bruttoinlandsprodukt wesentlich verringern, mit Schwerpunkt auf dem Schutz der Armen und von Menschen in prekaeren Situationen","Unmittelbarer wirtschaftlicher Schaden im Verhaeltnis zum BIP, Beschaedigung kritischer Infrastruktur und Anzahl der Unterbrechungen von Grundversorgungsleistungen, verursacht durch Katastrophen"
143,11.6.1,11,11.6,"Bis 2030 die von den Staedten ausgehende Umweltbelastung pro Kopf senken, unter anderem mit besonderer Aufmerksamkeit auf der Luftqualitaet und der kommunalen und sonstigen Abfallbehandlung","Anteil des urbanen festen Abfalls, der regelmaessig gesammelt und angemessen entsorgt wird am gesamten angefallenen urbanen festen Abfall, nach Staedten"
144,11.6.2,11,11.6,"Bis 2030 die von den Staedten ausgehende Umweltbelastung pro Kopf senken, unter anderem mit besonderer Aufmerksamkeit auf der Luftqualitaet und der kommunalen und sonstigen Abfallbehandlung","Durchschnittliche Jaehrliche Feinstaubbelastung (z. B. PM2,5 und PM10) in Staedten (bevoelkerungsgewichtet)"
145,11.7.1,11,11.7,"Bis 2030 den allgemeinen Zugang zu sicheren, inklusiven und zugaenglichen Grenflaechen und oeffentlichen Raeumen gewaehrleisten, insbesondere fer Frauen und Kinder, aeltere Menschen und Menschen mit Behinderungen","Durchschnittlicher Anteil der bebauten Flaeche in Staedten, der der oeffentlichkeit frei zugaenglich ist, nach Geschlecht, Alter und Personen mit Behinderungen"
146,11.7.2,11,11.7,"Bis 2030 den allgemeinen Zugang zu sicheren, inklusiven und zugaenglichen Grenflaechen und oeffentlichen Raeumen gewaehrleisten, insbesondere fer Frauen und Kinder, aeltere Menschen und Menschen mit Behinderungen","Anteil der Personen, die in den vergangenen 12 Monaten Opfer koerperlicher oder sexueller Belaestigung wurden, nach Geschlecht, Alter, Behinderungsstatus und Ort des Geschehens"
147,11.a.1,11,11.a,"Durch eine verstaerkte nationale und regionale Entwicklungsplanung positive wirtschaftliche, soziale und oekologische Verbindungen zwischen staedtischen, stadtnahen und laendlichen Gebieten unterstetzen","Anteil der in Staedten lebenden Bevoelkerung, in denen urbane und regionale Entwicklungsplaene implementiert werden, die Bevoelkerungsprognosen und den Ressourcenbedarf einbeziehen, nach Groesse der Stadt"
148,11.b.1,11,11.b,"Bis 2020 die Zahl der Staedte und Siedlungen, die integrierte Politiken und Plaene zur Foerderung der Inklusion, der Ressourceneffizienz, der Abschwaechung des Klimawandels, der Klimaanpassung und der Widerstandsfaehigkeit gegeneber Katastrophen beschliessen und umsetzen, wesentlich erhoehen und gemaess dem Sendai-Rahmen fer Katastrophenvorsorge 2015-2030 ein ganzheitliches Katastrophenrisikomanagement auf allen Ebenen entwickeln und umsetzen","Anzahl der Staaten, die nationale Strategien zum Katastrophenschutz in Einklang mit dem Sendai-Rahmenwerk zur Katastrophenvorsorge 2015-2030 verabschiedet und implementiert haben"
149,11.b.2,11,11.b,"Bis 2020 die Zahl der Staedte und Siedlungen, die integrierte Politiken und Plaene zur Foerderung der Inklusion, der Ressourceneffizienz, der Abschwaechung des Klimawandels, der Klimaanpassung und der Widerstandsfaehigkeit gegeneber Katastrophen beschliessen und umsetzen, wesentlich erhoehen und gemaess dem Sendai-Rahmen fer Katastrophenvorsorge 2015-2030 ein ganzheitliches Katastrophenrisikomanagement auf allen Ebenen entwickeln und umsetzen","Anteil der lokalen Regierungen, die lokale Strategien zum Katastrophenschutz in Einklang mit den nationalen Strategien zum Katastrophenschutz verabschiedet und implementiert haben"
150,11.c.1,11,11.c,Die am wenigsten entwickelten Laender unter anderem durch finanzielle und technische Hilfe beim Bau nachhaltiger und widerstandsfaehiger Gebaeude unter Nutzung einheimischer Materialien unterstetzen,"Anteil der finanziellen Unterstetzung an am wenigsten entwickelte Laender fer den Bau und Umbau von nachhaltigen, resilienten und ressourceneffizienten Gebaeuden unter Verwendung von lokalen Materialien"
151,12.1.1,12,12.1,"Den Zehnjahres-Programmrahmen fer nachhaltige Konsum- und Produktionsmuster umsetzen, wobei alle Laender, an der Spitze die entwickelten Laender, Massnahmen ergreifen, unter Berecksichtigung des Entwicklungsstands und der Kapazitaeten der Entwicklungslaender",Anzahl der Staaten mit nationalen Aktionsplaenen fer nachhaltigen Konsum und Produktion oder der Berecksichtigung als Prioritaet oder Ziel in nationalen Politiken
152,12.2.1,12,12.2,Bis 2030 die nachhaltige Bewirtschaftung und effiziente Nutzung der naterlichen Ressourcen erreichen,"Rohstoff-Fussabdruck, Rohstoff-Fussabdruck pro Kopf und Rohstoff-Fussabdruck pro BIP"
153,12.2.2,12,12.2,Bis 2030 die nachhaltige Bewirtschaftung und effiziente Nutzung der naterlichen Ressourcen erreichen,"Inlaendischer Materialverbrauch, inlaendischer Materialverbrauch pro Kopf und inlaendischer Materialverbrauch pro BIP"
154,12.3.1,12,12.3,Bis 2030 die weltweite Nahrungsmittelverschwendung pro Kopf auf Einzelhandels und Verbraucherebene halbieren und die entlang der Produktions- und Lieferkette entstehenden Nahrungsmittelverluste einschliesslich Nachernteverlusten verringern,Index zu globalen Nahrungsmittelverlusten
155,12.4.1,12,12.4,"Bis 2020 einen umweltvertraeglichen Umgang mit Chemikalien und allen Abfaellen waehrend ihres gesamten Lebenszyklus in ebereinstimmung mit den vereinbarten internationalen Rahmenregelungen erreichen und ihre Freisetzung in Luft, Wasser und Boden erheblich verringern, um ihre nachteiligen Auswirkungen auf die menschliche Gesundheit und die Umwelt auf ein Mindestmass zu beschraenken","Anzahl der Parteien internationaler Umweltabkommen eber gefaehrliche Abfaelle und andere Chemikalien, die ihren Zusagen und Verpflichtungen nachkommen, indem sie Informationen - wie nach dem betreffenden ebereinkommen gefordert - ebermitteln"
156,12.4.2,12,12.4,"Bis 2020 einen umweltvertraeglichen Umgang mit Chemikalien und allen Abfaellen waehrend ihres gesamten Lebenszyklus in ebereinstimmung mit den vereinbarten internationalen Rahmenregelungen erreichen und ihre Freisetzung in Luft, Wasser und Boden erheblich verringern, um ihre nachteiligen Auswirkungen auf die menschliche Gesundheit und die Umwelt auf ein Mindestmass zu beschraenken","Angefallener gefaehrlicher Abfall pro Kopf und Anteil des behandelten gefaehrlichen Abfalls, nach Art der Behandlung"
157,12.5.1,12,12.5,"Bis 2030 das Abfallaufkommen durch Vermeidung, Verminderung, Wiederverwertung und Wiederverwendung deutlich verringern","Nationale Recyclingquote, Tonnen an recyceltem Material"
158,12.6.1,12,12.6,"Die Unternehmen, insbesondere grosse und transnationale Unternehmen, dazu ermutigen, nachhaltige Verfahren einzufehren und in ihre Berichterstattung Nachhaltigkeitsinformationen aufzunehmen","Anzahl der Unternehmen, die Nachhaltigkeitsberichte veroeffentlichen"
159,12.7.1,12,12.7,"In der oeffentlichen Beschaffung nachhaltige Verfahren foerdern, im Einklang mit den nationalen Politiken und Prioritaeten","Anzahl der Staaten, die nachhaltige oeffentliche Beschaffung in ihren Politiken und Aktionsplaenen implementieren"
160,12.8.1,12,12.8,"Bis 2030 sicherstellen, dass die Menschen eberall eber einschlaegige Informationen
und das Bewusstsein fer nachhaltige Entwicklung und eine Lebensweise in Harmonie mit
der Natur verfegen","Ausmass, in dem (i) ""Global Citizenship Education"" und (ii) Bildung fer nachhaltige Entwicklung (einschliesslich Bildung zu Klimawandel) in (a) der nationalen Bildungspolitik; (b) Lehrplaenen; (c) Ausbildung von Lehrkraeften; und (d) Schulleistungsbewertungen berecksichtigt werden"
161,12.a.1,12,12.a,Die Entwicklungslaender bei der Staerkung ihrer wissenschaftlichen und technologischen Kapazitaeten im Hinblick auf den ebergang zu nachhaltigeren Konsum- und Produktionsmustern unterstetzen,Betrag der Unterstetzung der Entwicklungslaender fer Forschung und Entwicklung bezeglich nachhaltigem Konsum und Produktion sowie umweltfreundlicher Technologien
162,12.b.1,12,12.b,"Instrumente zur Beobachtung der Auswirkungen eines nachhaltigen Tourismus, der Arbeitsplaetze schafft und die lokale Kultur und lokale Produkte foerdert, auf die nachhaltige Entwicklung entwickeln und anwenden", Anzahl der nachhaltigen Tourismusstrategien oder -politiken und implementierten Aktionsplaene mit abgestimmten Monitoring- und Bewertungsinstrumenten
163,12.c.1,12,12.c,"Die ineffiziente Subventionierung fossiler Brennstoffe, die zu verschwenderischem Verbrauch verleitet, durch Beseitigung von Marktverzerrungen entsprechend den nationalen Gegebenheiten rationalisieren, unter anderem durch eine Umstrukturierung der Besteuerung und die allmaehliche Abschaffung dieser schaedlichen Subventionen, um ihren Umweltauswirkungen Rechnung zu tragen, wobei die besonderen Bederfnisse und Gegebenheiten der Entwicklungslaender in vollem Umfang berecksichtigt und die moeglichen nachteiligen Auswirkungen auf ihre Entwicklung in einer die Armen und die betroffenen Gemeinwesen schetzenden Weise so gering wie moeglich gehalten werden",Betrag an Subventionen fer fossile Energietraeger pro BIP-Einheit (Produktion und Konsum) und als Anteil an den gesamten nationalen Ausgaben fer fossile Energietraeger
164,13.1.1,13,13.1,Die Widerstandskraft und die Anpassungsfaehigkeit gegeneber klimabedingten Gefahren und Naturkatastrophen in allen Laendern staerken,"Anzahl der Todesfaelle, vermissten Personen und direkt von Katastrophen betroffenen Personen pro 100.000 Einwohner"
165,13.1.2,13,13.1,Die Widerstandskraft und die Anpassungsfaehigkeit gegeneber klimabedingten Gefahren und Naturkatastrophen in allen Laendern staerken,"Anzahl der Staaten, die nationale Strategien zum Katastrophenschutz in Einklang mit dem Sendai-Rahmenwerk zur Katastrophenvorsorge 2015-2030 verabschiedet und implementiert haben"
166,13.1.3,13,13.1,Die Widerstandskraft und die Anpassungsfaehigkeit gegeneber klimabedingten Gefahren und Naturkatastrophen in allen Laendern staerken,"Anteil der lokalen Regierungen, die lokale Strategien zum Katastrophenschutz in Einklang mit den nationalen Strategien zum Katastrophenschutz verabschiedet und implementiert haben"
167,13.2.1,13,13.2,"Klimaschutzmassnahmen in die nationalen Politiken, Strategien und Planungen einbeziehen","Anzahl der Staaten, die die Errichtung oder Umsetzung einer integrierten Politik/Strategie/Plan kommuniziert haben, welche/r die Faehigkeit zur Anpassung an die negativen Auswirkungen des Klimawandels erhoeht und die Widerstandsfaehigkeit gegeneber Klimaaenderungen foerdert und die Treibhausgasemissionen in einer Art und Weise verringert, dass die Nahrungsmittelproduktion nicht gefaehrdet wird (einschliesslich eines nationalen Anpassungsplans, national festgelegter Beitraege, nationaler Kommunikation, zweijaehriger Update-Berichte und sonstige)"
168,13.3.1,13,13.3,"Die Aufklaerung und Sensibilisierung sowie die personellen und institutionellen Kapazitaeten im Bereich der Abschwaechung des Klimawandels, der Klimaanpassung, der Reduzierung der Klimaauswirkungen sowie der Frehwarnung verbessern","Anzahl der Staaten, die Minderung, Anpassung, Reduzierung der Auswirkungen und Frehwarnsysteme in den primaeren, sekundaeren und tertiaeren Lehrplaenen integriert haben"
169,13.3.2,13,13.3,"Die Aufklaerung und Sensibilisierung sowie die personellen und institutionellen Kapazitaeten im Bereich der Abschwaechung des Klimawandels, der Klimaanpassung, der Reduzierung der Klimaauswirkungen sowie der Frehwarnung verbessern","Anzahl der Staaten, die den institutionellen, systemischen und individuellen Aufbau von Kapazitaeten kommuniziert haben, um Anpassung, Minderung, Technologietransfer und Entwicklungsmassnahmen zu implementieren"
170,13.a.1,13,13.a,"Die Verpflichtung erfellen, die von den Vertragsparteien des Rahmenebereinkommens der Vereinten Nationen eber Klimaaenderungen, die entwickelte Laender sind, ebernommen wurde, bis 2020 gemeinsam jaehrlich 100 Milliarden Dollar aus allen Quellen aufzubringen, um den Bederfnissen der Entwicklungslaender im Kontext sinnvoller Klimaschutzmassnahmen und einer transparenten Umsetzung zu entsprechen, und den Grenen Klimafonds vollstaendig zu operationalisieren, indem er schnellstmoeglich mit den erforderlichen Finanzmitteln ausgestattet wird","Anrechenbarer mobilisierter Betrag in US Dollar pro Jahr, beginnend ab 2020, im Hinblick auf die 100 Mrd. US Dollar-Zusage"
171,13.b.1,13,13.b,"Mechanismen zum Ausbau effektiver Planungs- und Managementkapazitaeten im Bereich des Klimawandels in den am wenigsten entwickelten Laendern und kleinen Inselentwicklungslaendern foerdern, unter anderem mit gezielter Ausrichtung auf Frauen, junge Menschen sowie lokale und marginalisierte Gemeinwesen","Anzahl der am wenigsten entwickelten Laender und kleinen Inselstaaten, die spezielle Unterstetzung, einschliesslich Finanzierung, Technologien und Kapazitaetsausbau fer Mechanismen zur Erweiterung der Kapazitaeten fer eine effektive Planung und Management bezeglich des Klimawandels erhalten, einschliesslich Fokus aus Frauen, die Jugendliche sowie lokale und marginalisierte Gemeinschaften"
172,14.1.1,14,14.1,"Bis 2025 alle Arten der Meeresverschmutzung, insbesondere durch vom Lande ausgehende Taetigkeiten und namentlich Meeresmell und Naehrstoffbelastung, verheten und erheblich verringern",Kesteneutrophierungsindex und Konzentration schwimmenden Plastikmells
173,14.2.1,14,14.2,"Bis 2020 die Meeres- und Kestenoekosysteme nachhaltig bewirtschaften und schetzen, um unter anderem durch Staerkung ihrer Resilienz erhebliche nachteilige Auswirkungen zu vermeiden, und Massnahmen zu ihrer Wiederherstellung ergreifen, damit die Meere wieder gesund und produktiv werden","Anteil der nationalen ausschliesslichen Wirtschaftszonen, die mit oekosystembasierten Ansaetzen verwaltet werden"
174,14.3.1,14,14.3,"Die Versauerung der Ozeane auf ein Mindestmass reduzieren und ihre Auswirkungen bekaempfen, unter anderem durch eine verstaerkte wissenschaftliche Zusammenarbeit auf allen Ebenen",Durchschnittliche Versauerung der Meereÿ(pH) gemessen an einer abgestimmten Reihe von repraesentativen Probeentnahmestationen
175,14.4.1,14,14.4,"Bis 2020 die Fangtaetigkeit wirksam regeln und die eberfischung, die illegale, ungemeldete
und unregulierte Fischerei und zerstoererische Fangpraktiken beenden und wissenschaftlich
fundierte Bewirtschaftungsplaene umsetzen, um die Fischbestaende in kerzestmoeglicher Zeit mindestens auf einen Stand zureckzufehren, der den hoechstmoeglichen Dauerertrag unter Berecksichtigung ihrer biologischen Merkmale sichert",Anteil der Fischbestaende innerhalb des biologisch nachhaltigen Niveaus
176,14.5.1,14,14.5,Bis 2020 mindestens 10 Prozent der Kesten- und Meeresgebiete im Einklang mit dem nationalen Recht und dem Voelkerrecht und auf der Grundlage der besten verfegbaren wissenschaftlichen Informationen erhalten,Schutzgebietsabdeckung in Bezug auf Meeresgebiete
177,14.6.1,14,14.6,"Bis 2020 bestimmte Formen der Fischereisubventionen untersagen, die zu eberkapazitaeten und eberfischung beitragen, Subventionen abschaffen, die zu illegaler, ungemeldeter und unregulierter Fischerei beitragen, und keine neuen derartigen Subventionen einfehren, in Anerkennung dessen, dass eine geeignete und wirksame besondere und differenzierte Behandlung der Entwicklungslaender und der am wenigsten entwickelten Laender einen untrennbaren Bestandteil der im Rahmen der Welthandelsorganisation gefehrten Verhandlungen eber Fischereisubventionen bilden sollte","Fortschritt der Staaten hinsichtlich des Standes der Implementierung internationaler Instrumente mit dem Ziel zur Bekaempfung illegaler, nicht gemeldeter und ungeregelter Fischerei"
178,14.7.1,14,14.7,"Bis 2030 die sich aus der nachhaltigen Nutzung der Meeresressourcen ergebenden
wirtschaftlichen Vorteile fer die kleinen Inselentwicklungslaender und die am wenigsten
entwickelten Laender erhoehen, namentlich durch nachhaltiges Management der Fischerei, der Aquakultur und des Tourismus","Nachhaltige Fischerei als Anteil am BIP in kleinen Inselstaaten, am wenigsten entwickelten Laendern sowie allen Staaten"
179,14.a.1,14,14.a,"Die wissenschaftlichen Kenntnisse vertiefen, die Forschungskapazitaeten ausbauen und Meerestechnologien weitergeben, unter Berecksichtigung der Kriterien und Leitlinien der Zwischenstaatlichen Ozeanographischen Kommission fer die Weitergabe von Meerestechnologie, um die Gesundheit der Ozeane zu verbessern und den Beitrag der biologischen Vielfalt der Meere zur Entwicklung der Entwicklungslaender, insbesondere der kleinen Inselentwicklungslaender und der am wenigsten entwickelten Laender, zu verstaerken",Anteil des gesamten Forschungsbudgets fer Forschung im Bereich Meerestechnik
180,14.b.1,14,14.b,"Den Zugang der handwerklichen Kleinfischer zu den Meeresressourcen und Maerkten 
gewaehrleisten","Fortschritt der Staaten hinsichtlich der Anwendung von gesetzlichen/ regulatorischen/ politischen/ institutionellen Rahmenwerken, die Zugangsrechte kleiner Fischereien anerkennen und schetzen"
181,14.c.1,14,14.c,"Die Erhaltung und nachhaltige Nutzung der Ozeane und ihrer Ressourcen verbessern und zu diesem Zweck das Voelkerrecht umsetzen, wie es im Seerechtsebereinkommen der Vereinten Nationen niedergelegt ist, das den rechtlichen Rahmen fer die Erhaltung und nachhaltige Nutzung der Ozeane und ihrer Ressourcen vorgibt, worauf in Ziffer 158 des Dokuments ?Die Zukunft, die wir wollen? hingewiesen wird","Anzahl der Staaten, die Fortschritte bei der Umsetzung internationalen Rechts zum Schutz und zur nachhaltigen Nutzung der Ozeane und ihrer Ressourcen machen, wie in der Seerechtskonvention der Vereinten Nationen wiedergespiegelt, indem sie rechtliche, politische und institutionelle Rahmenwerke und Instrumente ratifizieren, akzeptieren und implementieren"
182,15.1.1,15,15.1,"Bis 2020 im Einklang mit den Verpflichtungen aus internationalen ebereinkenften die Erhaltung, Wiederherstellung und nachhaltige Nutzung der Land- und Binnensesswasser- oekosysteme und ihrer Dienstleistungen, insbesondere der Waelder, der Feuchtgebiete, der Berge und der Trockengebiete, gewaehrleisten",Waldflaeche als Anteil an der gesamten Landflaeche
183,15.1.2,15,15.1,"Bis 2020 im Einklang mit den Verpflichtungen aus internationalen ebereinkenften die Erhaltung, Wiederherstellung und nachhaltige Nutzung der Land- und Binnensesswasser- oekosysteme und ihrer Dienstleistungen, insbesondere der Waelder, der Feuchtgebiete, der Berge und der Trockengebiete, gewaehrleisten","Anteil der fer Biodiversitaet wichtigen Land- und Sesswasseroekosysteme, die geschetzt sind, nach oekosystemtyp"
184,15.2.1,15,15.2,"Bis 2020 die nachhaltige Bewirtschaftung aller Waldarten foerdern, die Entwaldung beenden, geschaedigte Waelder wiederherstellen und die Aufforstung und Wiederaufforstung weltweit betraechtlich erhoehen",Fortschritt in Bezug auf nachhaltige Waldbewirtschaftung
185,15.3.1,15,15.3,"Bis 2030 die Westenbildung bekaempfen, die geschaedigten Flaechen und Boeden einschliesslich der von Westenbildung, Derre und eberschwemmungen betroffenen Flaechen sanieren und eine Welt anstreben, in der die Landveroedung neutralisiert wird",Anteil des von Bodendegradation betroffenen Landes an der gesamten Landflaeche
186,15.4.1,15,15.4,"Bis 2030 die Erhaltung der Bergoekosysteme einschliesslich ihrer biologischen Vielfalt sicherstellen, um ihre Faehigkeit zur Erbringung wesentlichen Nutzens fer die nachhaltige Entwicklung zu staerken",Schutzgebietsabdeckung der fer Biodiversitaet in Gebirgen wichtigen Gegenden
187,15.4.2,15,15.4,"Bis 2030 die Erhaltung der Bergoekosysteme einschliesslich ihrer biologischen Vielfalt sicherstellen, um ihre Faehigkeit zur Erbringung wesentlichen Nutzens fer die nachhaltige Entwicklung zu staerken","""Mountain Green Cover"" Index"
188,15.5.1,15,15.5,"Umgehende und bedeutende Massnahmen ergreifen, um die Verschlechterung der naterlichen Lebensraeume zu verringern, dem Verlust der biologischen Vielfalt ein Ende zu setzen und bis 2020 die bedrohten Arten zu schetzen und ihr Aussterben zu verhindern",Rote Liste Index
189,15.6.1,15,15.6,"Die ausgewogene und gerechte Aufteilung der sich aus der Nutzung der genetischen Ressourcen ergebenden Vorteile und den angemessenen Zugang zu diesen Ressourcen foerdern, wie auf internationaler Ebene vereinbart"," Anzahl der Staaten, die gesetzliche, administrative und politische Rahmenbedingungen geschaffen haben, um einen gerechten Vorteilsausgleich zu gewaehrleisten"
190,15.7.1,15,15.7,"Dringend Massnahmen ergreifen, um der Wilderei und dem Handel mit geschetzten
Pflanzen- und Tierarten ein Ende zu setzen und dem Problem des Angebots illegaler Produkte
aus wildlebenden Pflanzen und Tieren und der Nachfrage danach zu begegnen","Anteil der gehandelten Wildtiere, die gewildert oder illegal erworben wurden"
191,15.8.1,15,15.8,"Bis 2020 Massnahmen einfehren, um das Einbringen invasiver gebietsfremder Arten
zu verhindern, ihre Auswirkungen auf die Land- und Wasseroekosysteme deutlich zu reduzieren
und die prioritaeren Arten zu kontrollieren oder zu beseitigen","Anteil der Staaten, die die relevanten nationalen Rechtsvorschriften verabschiedet haben und die Verhinderung oder Bekaempfung von invasiven, gebietsfremden Arten angemessen finanzieren"
192,15.9.1,15,15.9,"Bis 2020 oekosystem- und Biodiversitaetswerte in die nationalen und lokalen Planungen, Entwicklungsprozesse, Armutsbekaempfungsstrategien und Gesamtrechnungssysteme einbeziehen","Fortschritt bezeglich der nationalen Ziele, die in ebereinstimmung mit dem Aichi-Biodiversitaetsziel 2 des Strategischen Plans zur Biodiversitaet 2011-2020 beschlossen wurden"
193,15.a.1,15,15.a,Finanzielle Mittel aus allen Quellen fer die Erhaltung und nachhaltige Nutzung der biologischen Vielfalt und der oekosysteme aufbringen und deutlich erhoehen,oeffentliche Entwicklungsausgaben und oeffentliche Ausgaben fer den Erhalt der Biodiversitaet und die nachhaltige Nutzung der oekosysteme
194,15.b.1,15,15.b,"Erhebliche Mittel aus allen Quellen und auf allen Ebenen fer die Finanzierung einer nachhaltigen Bewirtschaftung der Waelder aufbringen und den Entwicklungslaendern geeignete Anreize fer den vermehrten Einsatz dieser Bewirtschaftungsform bieten, namentlich zum Zweck der Walderhaltung und Wiederaufforstung",oeffentliche Entwicklungsausgaben und oeffentliche Ausgaben fer den Erhalt der Biodiversitaet und die nachhaltige Nutzung der oekosysteme
195,15.c.1,15,15.c,"Die weltweite Unterstetzung von Massnahmen zur Bekaempfung der Wilderei und des
Handels mit geschetzten Arten verstaerken, unter anderem durch die Staerkung der Faehigkeit lokaler Gemeinwesen, Moeglichkeiten einer nachhaltigen Existenzsicherung zu nutzen","Anteil der gehandelten Wildtiere, die gewildert oder illegal erworben wurden"
196,16.1.1,16,16.1,Alle Formen der Gewalt und die gewaltbedingte Sterblichkeit eberall deutlich verringern,"Anzahl von Opfern vorsaetzlicher Toetung pro 100.000 Einwohner, nach Geschlecht und Alter"
197,16.1.2,16,16.1,Alle Formen der Gewalt und die gewaltbedingte Sterblichkeit eberall deutlich verringern,"Konfliktbezogene Todesfaelle pro 100.000 Einwohner, nach Geschlecht, Alter und Ursache"
198,16.1.3,16,16.1,Alle Formen der Gewalt und die gewaltbedingte Sterblichkeit eberall deutlich verringern,"Anteil der Bevoelkerung, die in den vergangenen 12 Monaten Opfer von (a) koerperlicher Gewalt, (b) psychischer Gewalt und (c) sexueller Gewalt wurde"
199,16.1.4,16,16.1,Alle Formen der Gewalt und die gewaltbedingte Sterblichkeit eberall deutlich verringern,"Anteil der Bevoelkerung, die sich in ihrer Wohnumgebung alleine sicher fehlt"
200,16.2.1,16,16.2,"Missbrauch und Ausbeutung von Kindern, den Kinderhandel, Folter und alle Formen von Gewalt gegen Kinder beenden","Anteil der Kinder zwischen 1 und 17 Jahren, die im vergangenen Monat durch ihre Betreuungsperson koerperlich bestraft wurden und/oder psychische Aggression erlebt haben"
201,16.2.2,16,16.2,"Missbrauch und Ausbeutung von Kindern, den Kinderhandel, Folter und alle Formen von Gewalt gegen Kinder beenden","Anzahl von Opfer von Menschenhandel pro 100.000 Einwohner, nach Geschlecht, Alter und Art der Ausbeutung"
202,16.2.3,16,16.2,"Missbrauch und Ausbeutung von Kindern, den Kinderhandel, Folter und alle Formen von Gewalt gegen Kinder beenden","Anteil der jungen Frauen und Maenner zwischen 18 und 29 Jahren, die bis zum Alter von 18 Jahren sexuelle Gewalt erlebt haben"
203,16.3.1,16,16.3,Die Rechtsstaatlichkeit auf nationaler und internationaler Ebene foerdern und den gleichberechtigten Zugang aller zur Justiz gewaehrleisten,"Anteil der Opfer von Gewalttaten in den vergangenen 12 Monaten, die ihre Viktimisierung an zustaendige Behoerden oder eber andere staatlich anerkannte Konfliktloesungsmechanismen gemeldet haben"
204,16.3.2,16,16.3,Die Rechtsstaatlichkeit auf nationaler und internationaler Ebene foerdern und den gleichberechtigten Zugang aller zur Justiz gewaehrleisten,Nicht-verurteilte Inhaftierte als Anteil an der gesamten Gefangenenpopulation
205,16.4.1,16,16.4,"Bis 2030 illegale Finanz- und Waffenstroeme deutlich verringern, die Wiedererlangung und Reckgabe gestohlener Vermoegenswerte verstaerken und alle Formen der organisierten Kriminalitaet bekaempfen",Gesamtwert der illegalen finanziellen Zu- und Abflesse (in US Dollar)
206,16.4.2,16,16.4,"Bis 2030 illegale Finanz- und Waffenstroeme deutlich verringern, die Wiedererlangung und Reckgabe gestohlener Vermoegenswerte verstaerken und alle Formen der organisierten Kriminalitaet bekaempfen","Anteil der beschlagnahmten, aufgefundenen oder abgegebenen Waffen, deren illegale Herkunft oder Verwendung von einer zustaendigen Behoerde in ebereinstimmung mit den internationalen Instrumenten nachverfolgt wurde"
207,16.5.1,16,16.5,Korruption und Bestechung in allen ihren Formen erheblich reduzieren,"Anteil der Personen, die in den vergangenen 12 Monaten mindestens einmal Kontakt mit einem oeffentlichen Bediensteten hatten und einen oeffentlichen Bediensteten bestochen haben oder von diesem nach einer Bestechung gefragt wurden"
208,16.5.2,16,16.5,Korruption und Bestechung in allen ihren Formen erheblich reduzieren,"Anteil der Unternehmen, die in den vergangenen 12 Monaten mindestens einmal Kontakt mit einem oeffentlichen Bediensteten hatten und einen oeffentlichen Bediensteten bestochen haben oder von diesem nach einer Bestechung gefragt wurden"
209,16.6.1,16,16.6,"Leistungsfaehige, rechenschaftspflichtige und transparente Institutionen auf allen Ebenen aufbauen","Primaerausgaben des Staates als Anteil am ursprenglich genehmigten Budget, nach Sektor (oder nach den Budget-Codes oder aehnlichem)"
210,16.6.2,16,16.6,"Leistungsfaehige, rechenschaftspflichtige und transparente Institutionen auf allen Ebenen aufbauen","Anteil der Bevoelkerung, die mit ihrer letzten Behoerdendienstleistung zufrieden waren"
211,16.7.1,16,16.7,"Dafer sorgen, dass die Entscheidungsfindung auf allen Ebenen bedarfsorientiert, inklusiv, partizipatorisch und repraesentativ ist","Anteil der Positionen (nach Geschlecht, Alter, Personen mit Behinderungen und Bevoelkerungsgruppen) in oeffentlichen Institutionen (nationale und lokale Gesetzgebung, oeffentlicher Dienst und Judikative) verglichen mit nationalen Verteilungen"
212,16.7.2,16,16.7,"Dafer sorgen, dass die Entscheidungsfindung auf allen Ebenen bedarfsorientiert, inklusiv, partizipatorisch und repraesentativ ist","Anteil der Bevoelkerung, die glaubt, dass die Entscheidungsfindung inklusiv und bedarfsgesteuert ist, nach Geschlecht, Alter, Behinderung und Bevoelkerungsgruppe"
213,16.8.1,16,16.8,Die Teilhabe der Entwicklungslaender an den globalen Lenkungsinstitutionen erweitern und verstaerken,Anteil der Mitglieder und Stimmrechte von Entwicklungslaendern in internationalen Organisationen
214,16.9.1,16,16.9,"Bis 2030 insbesondere durch die Registrierung der Geburten dafer sorgen, dass alle
Menschen eine rechtliche Identitaet haben","Anteil der Kinder unter 5 Jahre, deren Geburt von einer Zivilbehoerde registriert worden ist, nach Alter"
215,16.10.1,16,16.10," Den oeffentlichen Zugang zu Informationen gewaehrleisten und die Grundfreiheiten schetzen, im Einklang mit den nationalen Rechtsvorschriften und voelkerrechtlichen ebereinkenften"," Anzahl der bestaetigten Faelle von Toetung, Entfehrung, Verschwindenlassen, willkerlicher Festnahme und Folter von Journalisten, Medienpersonal, Gewerkschaftlern und Menschenrechtsanwaelten in den vergangenen 12 Monaten"
216,16.10.2,16,16.10," Den oeffentlichen Zugang zu Informationen gewaehrleisten und die Grundfreiheiten schetzen, im Einklang mit den nationalen Rechtsvorschriften und voelkerrechtlichen ebereinkenften"," Anzahl der Staaten, die verfassungsrechtliche, gesetzliche und/oder politische Garantieren fer den oeffentlichen Zugang zu Informationen verabschiedet und implementiert haben"
217,16.a.1,16,16.a,"Die zustaendigen nationalen Institutionen namentlich durch internationale Zusammenarbeit beim Kapazitaetsaufbau auf allen Ebenen zur Verhetung von Gewalt und zur Bekaempfung von Terrorismus und Kriminalitaet unterstetzen, insbesondere in den Entwicklungslaendern","Existenz von unabhaengigen nationalen Menschenrechtsinstitutionen gemaess den ""Pariser Grundsaetzen"""
218,16.b.1,16,16.b,Nichtdiskriminierende Rechtsvorschriften und Politiken zugunsten einer nachhaltigen Entwicklung foerdern und durchsetzen,"Anteil der Bevoelkerung, die angibt sich in den vergangenen 12 Monaten persoenlich diskriminiert oder belaestigt gefehlt zu haben auf Basis einer Diskriminierung, die nach den internationalen Menschenrechten verboten ist"
219,17.1.1,17,17.1,"Die Mobilisierung einheimischer Ressourcen verstaerken, einschliesslich durch internationale Unterstetzung fer die Entwicklungslaender, um die nationalen Kapazitaeten zur Erhebung von Steuern und anderen Abgaben zu verbessern","Gesamte Staatseinnahmen als Anteil am BIP, nach Herkunft"
220,17.1.2,17,17.1,"Die Mobilisierung einheimischer Ressourcen verstaerken, einschliesslich durch internationale Unterstetzung fer die Entwicklungslaender, um die nationalen Kapazitaeten zur Erhebung von Steuern und anderen Abgaben zu verbessern",Anteil des durch Steuereinnahmen finanzierten Haushaltsbudgets
221,17.2.1,17,17.2,"Sicherstellen, dass die entwickelten Laender ihre Zusagen im Bereich der oeffentlichen Entwicklungshilfe voll einhalten, einschliesslich der von vielen entwickelten Laendern eingegangenen Verpflichtung, die Zielvorgabe von 0,7 Prozent ihres Bruttonationaleinkommens fer oeffentliche Entwicklungshilfe zugunsten der Entwicklungslaender und 0,15 bis 0,20 Prozent zugunsten der am wenigsten entwickelten Laender zu erreichen; den Gebern oeffentlicher Entwicklungshilfe wird nahegelegt, die Bereitstellung von mindestens 0,20 Prozent ihres Bruttonationaleinkommens zugunsten der am wenigsten entwickelten Laender als Zielsetzung zu erwaegen","oeffentliche Nettoentwicklungsausgaben, insgesamt und an am wenigsten entwickelte Laender, als Anteil am Bruttonationaleinkommen (BNE) der Geberlaender des Ausschusses fer Entwicklungshilfe der Organisation fer wirtschaftliche Zusammenarbeit und Entwicklung (OECD)"
222,17.3.1,17,17.3,Zusaetzliche finanzielle Mittel aus verschiedenen Quellen fer die Entwicklungslaender mobilisieren,"Auslaendische Direktinvestitionen (ADI), oeffentliche Entwicklungsausgaben und Sed-Sed-Kooperationen als Anteil am gesamten Haushaltsbudget"
223,17.3.2,17,17.3,Zusaetzliche finanzielle Mittel aus verschiedenen Quellen fer die Entwicklungslaender mobilisieren,Umfang der Reckeberweisungen (in US Dollar) als Anteil am gesamten BIP
224,17.4.1,17,17.4,"Den Entwicklungslaendern dabei behilflich sein, durch eine koordinierte Politik zur Foerderung der Schuldenfinanzierung, der Entschuldung beziehungsweise der Umschuldung die langfristige Tragfaehigkeit der Verschuldung zu erreichen, und das Problem der Auslandsverschuldung hochverschuldeter armer Laender angehen, um die eberschuldung zu verringern",Schuldendienst als Anteil von Exporten von Getern und Dienstleistungen
225,17.5.1,17,17.5,Investitionsfoerderungssysteme fer die am wenigsten entwickelten Laender beschliessen und umsetzen,"Anzahl der Staaten, die Investitionsfoerderprogramme fer am wenigsten entwickelte Laender verabschieden und implementieren"
226,17.6.1,17,17.6,"Die regionale und internationale Nord-Sed- und Sed-Sed-Zusammenarbeit und Dreieckskooperation im Bereich Wissenschaft, Technologie und Innovation und den Zugang dazu verbessern und den Austausch von Wissen zu einvernehmlich festgelegten Bedingungen verstaerken, unter anderem durch eine bessere Abstimmung zwischen den vorhandenen Mechanismen, insbesondere auf Ebene der Vereinten Nationen, und durch einen globalen Mechanismus zur Technologiefoerderung","Anzahl der Vereinbarungen und Programme bezeglich Wissenschafts- und/oder Technologie-Kooperationen zwischen Staaten, nach Art der Kooperation"
227,17.6.2,17,17.6,"Die regionale und internationale Nord-Sed- und Sed-Sed-Zusammenarbeit und Dreieckskooperation im Bereich Wissenschaft, Technologie und Innovation und den Zugang dazu verbessern und den Austausch von Wissen zu einvernehmlich festgelegten Bedingungen verstaerken, unter anderem durch eine bessere Abstimmung zwischen den vorhandenen Mechanismen, insbesondere auf Ebene der Vereinten Nationen, und durch einen globalen Mechanismus zur Technologiefoerderung","Internet-Breitband-Vertraege pro 100 Einwohner, nach Geschwindigkeit"
228,17.7.1,17,17.7,"Die Entwicklung, den Transfer, die Verbreitung und die Diffusion von umweltvertraeglichen Technologien an die Entwicklungslaender zu gegenseitig vereinbarten genstigen Bedingungen, einschliesslich Konzessions- und Vorzugsbedingungen, foerdern","Gesamtbetrag der Finanzierungszusagen an Entwicklungslaender zur Foerderung der Entwicklung, Umsetzung, Veroeffentlichung und Weiterverbreitung von umweltfreundlichen Technologien"
229,17.8.1,17,17.8,"Die Technologiebank und den Mechanismus zum Kapazitaetsaufbau fer Wissenschaft, Technologie und Innovation fer die am wenigsten entwickelten Laender bis 2017 vollstaendig operationalisieren und die Nutzung von Grundlagentechnologien, insbesondere der Informations- und Kommunikationstechnologien, verbessern","Anteil der Einzelpersonen, die das Internet nutzen"
230,17.9.1,17,17.9,"Die internationale Unterstetzung fer die Durchfehrung eines effektiven und gezielten Kapazitaetsaufbaus in den Entwicklungslaendern verstaerken, um die nationalen Plaene zur Umsetzung aller Ziele fer nachhaltige Entwicklung zu unterstetzen, namentlich im Rahmen der Nord-Sed- und Sed-Sed-Zusammenarbeit und der Dreieckskooperation","Wert in Dollar der finanziellen und technischen Zusammenarbeit (einschliesslich durch Nord-Sed-, Sed-Sed- und Dreieckskooperationen) mit Entwicklungslaendern"
231,17.10.1,17,17.10,"Ein universales, regelgestetztes, offenes, nichtdiskriminierendes und gerechtes multilaterales Handelssystem unter dem Dach der Welthandelsorganisation foerdern, insbesondere durch den Abschluss der Verhandlungen im Rahmen ihrer Entwicklungsagenda von Doha",Weltweit gewichtete durchschnittliche Zollsaetze
232,17.11.1,17,17.11,"Die Exporte der Entwicklungslaender deutlich erhoehen, insbesondere mit Blick darauf, den Anteil der am wenigsten entwickelten Laender an den weltweiten Exporten bis 2020 zu verdoppeln",Anteil von Entwicklungslaendern und am wenigsten entwickelten Laendern am globalen Export
233,17.12.1,17,17.12,"Die rasche Umsetzung des zoll- und kontingentfreien Marktzugangs auf dauerhafter Grundlage fer alle am wenigsten entwickelten Laender im Einklang mit den Beschlessen der Welthandelsorganisation erreichen, unter anderem indem sichergestellt wird, dass die fer Importe aus den am wenigsten entwickelten Laendern geltenden praeferenziellen Ursprungsregeln transparent und einfach sind und zur Erleichterung des Marktzugangs beitragen","Durchschnittliche Importzoelle fer Entwicklungslaender, am wenigsten entwickelte Laender und kleine Inselstaaten"
234,17.13.1,17,17.13,"Die globale makrooekonomische Stabilitaet verbessern, namentlich durch Politikkoordinierung und Politikkohaerenz",Makrooekonomisches Dashboard
235,17.14.1,17,17.14,Die Politikkohaerenz zugunsten nachhaltiger Entwicklung verbessern,Anzahl der Staaten mit Mechanismen zur Verbesserung Politikkohaerenz bezogen auf nachhaltige Entwicklung
236,17.15.1,17,17.15,Den politischen Spielraum und die Fehrungsrolle jedes Landes bei der Festlegung und Umsetzung von Politiken zur Armutsbeseitigung und fer nachhaltige Entwicklung respektieren,Ausmass der Nutzung von laendereigenen Ergebnisframeworks und Planungsinstrumenten durch Geber von Entwicklungszusammenarbeit
237,17.16.1,17,17.16,"Die Globale Partnerschaft fer nachhaltige Entwicklung ausbauen, ergaenzt durch Multi-Akteur-Partnerschaften zur Mobilisierung und zum Austausch von Wissen, Fachkenntnissen, Technologie und finanziellen Ressourcen, um die Erreichung der Ziele fer nachhaltige Entwicklung in allen Laendern und insbesondere in den Entwicklungslaendern zu unterstetzen","Anzahl der Staaten, die eber Fortschritte in multi-stakeholder Monitoringframeworks der Entwicklungszusammenarbeit berichten, die das Erreichen der Ziele fer nachhaltige Entwicklung unterstetzen"
238,17.17.1,17,17.17,"Die Bildung wirksamer oeffentlicher, oeffentlich-privater und zivilgesellschaftlicher Partnerschaften aufbauend auf den Erfahrungen und Mittelbeschaffungsstrategien bestehender Partnerschaften unterstetzen und foerdern",Finanzzusagen in US Dollar fer (a) oeffentlich-private Partnerschaften sowie (b) Partnerschaften mit der Zivilgesellschaft
239,17.18.1,17,17.18,"Bis 2020 die Unterstetzung des Kapazitaetsaufbaus fer die Entwicklungslaender und namentlich die am wenigsten entwickelten Laender und die kleinen Inselentwicklungslaender erhoehen, mit dem Ziel, eber erheblich mehr hochwertige, aktuelle und verlaessliche Daten zu verfegen, die nach Einkommen, Geschlecht, Alter, Rasse, Ethnizitaet, Migrationsstatus, Behinderung, geografischer Lage und sonstigen im nationalen Kontext relevanten Merkmalen aufgeschlesselt sind","Anteil der Nachhaltigkeitsindikatoren, die auf nationaler Ebene vollstaendig - sofern gemaess dem Unterziel relevant - disaggregiert sind, in ebereinstimmung mit den Grundprinzipien der amtlichen Statistik"
240,17.18.2,17,17.18,"Bis 2020 die Unterstetzung des Kapazitaetsaufbaus fer die Entwicklungslaender und namentlich die am wenigsten entwickelten Laender und die kleinen Inselentwicklungslaender erhoehen, mit dem Ziel, eber erheblich mehr hochwertige, aktuelle und verlaessliche Daten zu verfegen, die nach Einkommen, Geschlecht, Alter, Rasse, Ethnizitaet, Migrationsstatus, Behinderung, geografischer Lage und sonstigen im nationalen Kontext relevanten Merkmalen aufgeschlesselt sind",Anzahl der Staaten mit einer nationalen statistischen Gesetzgebung im Einklang mit den Grundprinzipien der amtlichen Statistik
241,17.18.3,17,17.18,"Bis 2020 die Unterstetzung des Kapazitaetsaufbaus fer die Entwicklungslaender und namentlich die am wenigsten entwickelten Laender und die kleinen Inselentwicklungslaender erhoehen, mit dem Ziel, eber erheblich mehr hochwertige, aktuelle und verlaessliche Daten zu verfegen, die nach Einkommen, Geschlecht, Alter, Rasse, Ethnizitaet, Migrationsstatus, Behinderung, geografischer Lage und sonstigen im nationalen Kontext relevanten Merkmalen aufgeschlesselt sind","Anzahl der Staaten mit einem nationalem statistischen Plan, der vollstaendig finanziert und umgesetzt wird, nach der Quelle der Finanzierung"
242,17.19.1,17,17.19,"Bis 2030 auf den bestehenden Initiativen aufbauen, um Fortschrittsmasse fer nachhaltige Entwicklung zu erarbeiten, die das Bruttoinlandsprodukt ergaenzen, und den Aufbau der statistischen Kapazitaeten der Entwicklungslaender unterstetzen",Dollarbetrag aller zur Verfegung gestellten Ressourcen fer den Ausbau statistischer Kapazitaeten in Entwicklungslaendern
243,17.19.2,17,17.19,"Bis 2030 auf den bestehenden Initiativen aufbauen, um Fortschrittsmasse fer nachhaltige Entwicklung zu erarbeiten, die das Bruttoinlandsprodukt ergaenzen, und den Aufbau der statistischen Kapazitaeten der Entwicklungslaender unterstetzen","Anteil der Staaten, die (a) in den letzten 10 Jahren mindestens eine Bevoelkerungs- und Gebaeudezaehlung durchgefehrt haben; und (b) 100% bei der Geburtenregistrierung sowie 80% bei der Registrierung der Sterbefaelle erreicht haben"
